file,relative_path,size,file_sha256,entry_count,entry_names_hash,entry_content_hash,entries
galben direct.ocv,Camera Roll\spectrometru frunza\fara filtru frunza verde-galben-maro\galben direct.ocv,8346,24cdea185fcf3651e1aeeb8ea39be41b23b7c1169a3ab7087cc6fe6693d37736,21,70b356e0adb5bc2c0177d014082e06227967056fdfbaef0e6076dc5c68c798a7,f2638d3cb42414d0ba2751feba7a19eade54afe9d788113b457582770dd658c8,Acquire-101.xml; Device-USB2+H13139.xml; ProjectSettings; View-502.xml; features/Spectrometer10_101.xml; features/Spectrometer11_101.xml; features/Spectrometer12_101.xml; features/Spectrometer13_101.xml; features/Spectrometer14_101.xml; features/Spectrometer15_101.xml; features/Spectrometer16_101.xml; features/Spectrometer8_101.xml; features/Spectrometer9_101.xml; features/acquisitiondelay7_101.xml; features/continuousstrobe5_101.xml; features/continuousstrobe6_101.xml; features/decouplecorrection4_101.xml; features/singlestrobe1_101.xml; features/singlestrobe2_101.xml; features/singlestrobe3_101.xml; features/strobelamp0_101.xml
maro direct.ocv,Camera Roll\spectrometru frunza\fara filtru frunza verde-galben-maro\maro direct.ocv,8346,e0b2c807650a39d4f31ee92a5c334667737d878adb026342dc661e09703d5ec8,21,70b356e0adb5bc2c0177d014082e06227967056fdfbaef0e6076dc5c68c798a7,f2638d3cb42414d0ba2751feba7a19eade54afe9d788113b457582770dd658c8,Acquire-101.xml; Device-USB2+H13139.xml; ProjectSettings; View-502.xml; features/Spectrometer10_101.xml; features/Spectrometer11_101.xml; features/Spectrometer12_101.xml; features/Spectrometer13_101.xml; features/Spectrometer14_101.xml; features/Spectrometer15_101.xml; features/Spectrometer16_101.xml; features/Spectrometer8_101.xml; features/Spectrometer9_101.xml; features/acquisitiondelay7_101.xml; features/continuousstrobe5_101.xml; features/continuousstrobe6_101.xml; features/decouplecorrection4_101.xml; features/singlestrobe1_101.xml; features/singlestrobe2_101.xml; features/singlestrobe3_101.xml; features/strobelamp0_101.xml
verde direct.ocv,Camera Roll\spectrometru frunza\fara filtru frunza verde-galben-maro\verde direct.ocv,8346,a129c88c3bc87424171a41fdc4140c76f14533749daa872c00a3b5c1667fd1a2,21,70b356e0adb5bc2c0177d014082e06227967056fdfbaef0e6076dc5c68c798a7,f2638d3cb42414d0ba2751feba7a19eade54afe9d788113b457582770dd658c8,Acquire-101.xml; Device-USB2+H13139.xml; ProjectSettings; View-502.xml; features/Spectrometer10_101.xml; features/Spectrometer11_101.xml; features/Spectrometer12_101.xml; features/Spectrometer13_101.xml; features/Spectrometer14_101.xml; features/Spectrometer15_101.xml; features/Spectrometer16_101.xml; features/Spectrometer8_101.xml; features/Spectrometer9_101.xml; features/acquisitiondelay7_101.xml; features/continuousstrobe5_101.xml; features/continuousstrobe6_101.xml; features/decouplecorrection4_101.xml; features/singlestrobe1_101.xml; features/singlestrobe2_101.xml; features/singlestrobe3_101.xml; features/strobelamp0_101.xml
532 nm.ocv,Camera Roll\spectrometru frunza\fruza nesanatoasa-galben\532 nm.ocv,8346,4cde3797c8533a006f61daca1d3c6763f1961c41ad98ee72746ae129c53e0ca3,21,70b356e0adb5bc2c0177d014082e06227967056fdfbaef0e6076dc5c68c798a7,f2638d3cb42414d0ba2751feba7a19eade54afe9d788113b457582770dd658c8,Acquire-101.xml; Device-USB2+H13139.xml; ProjectSettings; View-502.xml; features/Spectrometer10_101.xml; features/Spectrometer11_101.xml; features/Spectrometer12_101.xml; features/Spectrometer13_101.xml; features/Spectrometer14_101.xml; features/Spectrometer15_101.xml; features/Spectrometer16_101.xml; features/Spectrometer8_101.xml; features/Spectrometer9_101.xml; features/acquisitiondelay7_101.xml; features/continuousstrobe5_101.xml; features/continuousstrobe6_101.xml; features/decouplecorrection4_101.xml; features/singlestrobe1_101.xml; features/singlestrobe2_101.xml; features/singlestrobe3_101.xml; features/strobelamp0_101.xml
556 nm.ocv,Camera Roll\spectrometru frunza\fruza nesanatoasa-galben\556 nm.ocv,8346,a957e5c18b001553f084bb6e531ac098f37d810333c0d35ad3704865fb614c17,21,70b356e0adb5bc2c0177d014082e06227967056fdfbaef0e6076dc5c68c798a7,f2638d3cb42414d0ba2751feba7a19eade54afe9d788113b457582770dd658c8,Acquire-101.xml; Device-USB2+H13139.xml; ProjectSettings; View-502.xml; features/Spectrometer10_101.xml; features/Spectrometer11_101.xml; features/Spectrometer12_101.xml; features/Spectrometer13_101.xml; features/Spectrometer14_101.xml; features/Spectrometer15_101.xml; features/Spectrometer16_101.xml; features/Spectrometer8_101.xml; features/Spectrometer9_101.xml; features/acquisitiondelay7_101.xml; features/continuousstrobe5_101.xml; features/continuousstrobe6_101.xml; features/decouplecorrection4_101.xml; features/singlestrobe1_101.xml; features/singlestrobe2_101.xml; features/singlestrobe3_101.xml; features/strobelamp0_101.xml
680 nm.ocv,Camera Roll\spectrometru frunza\fruza nesanatoasa-galben\680 nm.ocv,8346,0e871f531fafa076b498441310de23647b5e755753b4e774e7cb07666026a5c2,21,70b356e0adb5bc2c0177d014082e06227967056fdfbaef0e6076dc5c68c798a7,f2638d3cb42414d0ba2751feba7a19eade54afe9d788113b457582770dd658c8,Acquire-101.xml; Device-USB2+H13139.xml; ProjectSettings; View-502.xml; features/Spectrometer10_101.xml; features/Spectrometer11_101.xml; features/Spectrometer12_101.xml; features/Spectrometer13_101.xml; features/Spectrometer14_101.xml; features/Spectrometer15_101.xml; features/Spectrometer16_101.xml; features/Spectrometer8_101.xml; features/Spectrometer9_101.xml; features/acquisitiondelay7_101.xml; features/continuousstrobe5_101.xml; features/continuousstrobe6_101.xml; features/decouplecorrection4_101.xml; features/singlestrobe1_101.xml; features/singlestrobe2_101.xml; features/singlestrobe3_101.xml; features/strobelamp0_101.xml
725 nm.ocv,Camera Roll\spectrometru frunza\fruza nesanatoasa-galben\725 nm.ocv,8346,ae88dc6ae28f224b49e272bd06fb880cac00dc8472e759dd28a8ab4a0d568b5e,21,70b356e0adb5bc2c0177d014082e06227967056fdfbaef0e6076dc5c68c798a7,f2638d3cb42414d0ba2751feba7a19eade54afe9d788113b457582770dd658c8,Acquire-101.xml; Device-USB2+H13139.xml; ProjectSettings; View-502.xml; features/Spectrometer10_101.xml; features/Spectrometer11_101.xml; features/Spectrometer12_101.xml; features/Spectrometer13_101.xml; features/Spectrometer14_101.xml; features/Spectrometer15_101.xml; features/Spectrometer16_101.xml; features/Spectrometer8_101.xml; features/Spectrometer9_101.xml; features/acquisitiondelay7_101.xml; features/continuousstrobe5_101.xml; features/continuousstrobe6_101.xml; features/decouplecorrection4_101.xml; features/singlestrobe1_101.xml; features/singlestrobe2_101.xml; features/singlestrobe3_101.xml; features/strobelamp0_101.xml
850.ocv,Camera Roll\spectrometru frunza\fruza nesanatoasa-galben\850.ocv,8346,acf42c0ce26bcc840e62630709a2ae184a9577ef7a25c8aadd515431a174b539,21,70b356e0adb5bc2c0177d014082e06227967056fdfbaef0e6076dc5c68c798a7,f2638d3cb42414d0ba2751feba7a19eade54afe9d788113b457582770dd658c8,Acquire-101.xml; Device-USB2+H13139.xml; ProjectSettings; View-502.xml; features/Spectrometer10_101.xml; features/Spectrometer11_101.xml; features/Spectrometer12_101.xml; features/Spectrometer13_101.xml; features/Spectrometer14_101.xml; features/Spectrometer15_101.xml; features/Spectrometer16_101.xml; features/Spectrometer8_101.xml; features/Spectrometer9_101.xml; features/acquisitiondelay7_101.xml; features/continuousstrobe5_101.xml; features/continuousstrobe6_101.xml; features/decouplecorrection4_101.xml; features/singlestrobe1_101.xml; features/singlestrobe2_101.xml; features/singlestrobe3_101.xml; features/strobelamp0_101.xml
940.ocv,Camera Roll\spectrometru frunza\fruza nesanatoasa-galben\940.ocv,8346,ceaa88c94cd13eaff4808561ca1833bf4a46d4be6ac463d5e9209aea2d4b632a,21,70b356e0adb5bc2c0177d014082e06227967056fdfbaef0e6076dc5c68c798a7,f2638d3cb42414d0ba2751feba7a19eade54afe9d788113b457582770dd658c8,Acquire-101.xml; Device-USB2+H13139.xml; ProjectSettings; View-502.xml; features/Spectrometer10_101.xml; features/Spectrometer11_101.xml; features/Spectrometer12_101.xml; features/Spectrometer13_101.xml; features/Spectrometer14_101.xml; features/Spectrometer15_101.xml; features/Spectrometer16_101.xml; features/Spectrometer8_101.xml; features/Spectrometer9_101.xml; features/acquisitiondelay7_101.xml; features/continuousstrobe5_101.xml; features/continuousstrobe6_101.xml; features/decouplecorrection4_101.xml; features/singlestrobe1_101.xml; features/singlestrobe2_101.xml; features/singlestrobe3_101.xml; features/strobelamp0_101.xml
532 nm.ocv,Camera Roll\spectrometru frunza\verde frunza\532 nm.ocv,8346,d993c01592dd3fa6d76563a90a4390dbba0bb0e6f29a412414471174fdec1d55,21,70b356e0adb5bc2c0177d014082e06227967056fdfbaef0e6076dc5c68c798a7,f2638d3cb42414d0ba2751feba7a19eade54afe9d788113b457582770dd658c8,Acquire-101.xml; Device-USB2+H13139.xml; ProjectSettings; View-502.xml; features/Spectrometer10_101.xml; features/Spectrometer11_101.xml; features/Spectrometer12_101.xml; features/Spectrometer13_101.xml; features/Spectrometer14_101.xml; features/Spectrometer15_101.xml; features/Spectrometer16_101.xml; features/Spectrometer8_101.xml; features/Spectrometer9_101.xml; features/acquisitiondelay7_101.xml; features/continuousstrobe5_101.xml; features/continuousstrobe6_101.xml; features/decouplecorrection4_101.xml; features/singlestrobe1_101.xml; features/singlestrobe2_101.xml; features/singlestrobe3_101.xml; features/strobelamp0_101.xml
556 nm.ocv,Camera Roll\spectrometru frunza\verde frunza\556 nm.ocv,8346,d4bd2478c2387d75adbb3d00490b116e40df77c06348555f1653b40f6b3950ad,21,70b356e0adb5bc2c0177d014082e06227967056fdfbaef0e6076dc5c68c798a7,f2638d3cb42414d0ba2751feba7a19eade54afe9d788113b457582770dd658c8,Acquire-101.xml; Device-USB2+H13139.xml; ProjectSettings; View-502.xml; features/Spectrometer10_101.xml; features/Spectrometer11_101.xml; features/Spectrometer12_101.xml; features/Spectrometer13_101.xml; features/Spectrometer14_101.xml; features/Spectrometer15_101.xml; features/Spectrometer16_101.xml; features/Spectrometer8_101.xml; features/Spectrometer9_101.xml; features/acquisitiondelay7_101.xml; features/continuousstrobe5_101.xml; features/continuousstrobe6_101.xml; features/decouplecorrection4_101.xml; features/singlestrobe1_101.xml; features/singlestrobe2_101.xml; features/singlestrobe3_101.xml; features/strobelamp0_101.xml
680 nm.ocv,Camera Roll\spectrometru frunza\verde frunza\680 nm.ocv,8347,e8908dfc8fb5e56437000960bb0cde753234d2fbf54c422f38998fd46d978677,21,70b356e0adb5bc2c0177d014082e06227967056fdfbaef0e6076dc5c68c798a7,d5d793b73e8d51933f054a15247bfaf196c7986d830353ad3be04e0904011bc8,Acquire-101.xml; Device-USB2+H13139.xml; ProjectSettings; View-502.xml; features/Spectrometer10_101.xml; features/Spectrometer11_101.xml; features/Spectrometer12_101.xml; features/Spectrometer13_101.xml; features/Spectrometer14_101.xml; features/Spectrometer15_101.xml; features/Spectrometer16_101.xml; features/Spectrometer8_101.xml; features/Spectrometer9_101.xml; features/acquisitiondelay7_101.xml; features/continuousstrobe5_101.xml; features/continuousstrobe6_101.xml; features/decouplecorrection4_101.xml; features/singlestrobe1_101.xml; features/singlestrobe2_101.xml; features/singlestrobe3_101.xml; features/strobelamp0_101.xml
725 nm.ocv,Camera Roll\spectrometru frunza\verde frunza\725 nm.ocv,8347,e6681503c58e5a06e4edbb40afabf73c3f1f09abe8416ebba22533372f53d0aa,21,70b356e0adb5bc2c0177d014082e06227967056fdfbaef0e6076dc5c68c798a7,d5d793b73e8d51933f054a15247bfaf196c7986d830353ad3be04e0904011bc8,Acquire-101.xml; Device-USB2+H13139.xml; ProjectSettings; View-502.xml; features/Spectrometer10_101.xml; features/Spectrometer11_101.xml; features/Spectrometer12_101.xml; features/Spectrometer13_101.xml; features/Spectrometer14_101.xml; features/Spectrometer15_101.xml; features/Spectrometer16_101.xml; features/Spectrometer8_101.xml; features/Spectrometer9_101.xml; features/acquisitiondelay7_101.xml; features/continuousstrobe5_101.xml; features/continuousstrobe6_101.xml; features/decouplecorrection4_101.xml; features/singlestrobe1_101.xml; features/singlestrobe2_101.xml; features/singlestrobe3_101.xml; features/strobelamp0_101.xml
850 nm.ocv,Camera Roll\spectrometru frunza\verde frunza\850 nm.ocv,8347,70737898a52fc5bb58713e6cf6c352035db767fdba7ab910cf0657835f3e5d14,21,70b356e0adb5bc2c0177d014082e06227967056fdfbaef0e6076dc5c68c798a7,d5d793b73e8d51933f054a15247bfaf196c7986d830353ad3be04e0904011bc8,Acquire-101.xml; Device-USB2+H13139.xml; ProjectSettings; View-502.xml; features/Spectrometer10_101.xml; features/Spectrometer11_101.xml; features/Spectrometer12_101.xml; features/Spectrometer13_101.xml; features/Spectrometer14_101.xml; features/Spectrometer15_101.xml; features/Spectrometer16_101.xml; features/Spectrometer8_101.xml; features/Spectrometer9_101.xml; features/acquisitiondelay7_101.xml; features/continuousstrobe5_101.xml; features/continuousstrobe6_101.xml; features/decouplecorrection4_101.xml; features/singlestrobe1_101.xml; features/singlestrobe2_101.xml; features/singlestrobe3_101.xml; features/strobelamp0_101.xml
940nm.ocv,Camera Roll\spectrometru frunza\verde frunza\940nm.ocv,8347,7805148c2796109f1ce00cdd9e810916d3b92a63cb756ffeef4aff02816a2a95,21,70b356e0adb5bc2c0177d014082e06227967056fdfbaef0e6076dc5c68c798a7,d5d793b73e8d51933f054a15247bfaf196c7986d830353ad3be04e0904011bc8,Acquire-101.xml; Device-USB2+H13139.xml; ProjectSettings; View-502.xml; features/Spectrometer10_101.xml; features/Spectrometer11_101.xml; features/Spectrometer12_101.xml; features/Spectrometer13_101.xml; features/Spectrometer14_101.xml; features/Spectrometer15_101.xml; features/Spectrometer16_101.xml; features/Spectrometer8_101.xml; features/Spectrometer9_101.xml; features/acquisitiondelay7_101.xml; features/continuousstrobe5_101.xml; features/continuousstrobe6_101.xml; features/decouplecorrection4_101.xml; features/singlestrobe1_101.xml; features/singlestrobe2_101.xml; features/singlestrobe3_101.xml; features/strobelamp0_101.xml
Spectru intreg.ocv,Camera Roll\spectrometru frunza\verde frunza\Spectru intreg.ocv,8347,f3942b5a7531973f060cd816b6ce6bb7b4df3f424f3ad498eef158a14858d5b7,21,70b356e0adb5bc2c0177d014082e06227967056fdfbaef0e6076dc5c68c798a7,d5d793b73e8d51933f054a15247bfaf196c7986d830353ad3be04e0904011bc8,Acquire-101.xml; Device-USB2+H13139.xml; ProjectSettings; View-502.xml; features/Spectrometer10_101.xml; features/Spectrometer11_101.xml; features/Spectrometer12_101.xml; features/Spectrometer13_101.xml; features/Spectrometer14_101.xml; features/Spectrometer15_101.xml; features/Spectrometer16_101.xml; features/Spectrometer8_101.xml; features/Spectrometer9_101.xml; features/acquisitiondelay7_101.xml; features/continuousstrobe5_101.xml; features/continuousstrobe6_101.xml; features/decouplecorrection4_101.xml; features/singlestrobe1_101.xml; features/singlestrobe2_101.xml; features/singlestrobe3_101.xml; features/strobelamp0_101.xml
f verde532.ocv,f verde532.ocv,8323,d85a53020dd8e2dd976cbcec1228a0b91b5bf6d803a8813770b4d03712e811bc,21,12a96d4327924b09361377a2a0ea3b756a3864a17e2ff2c4599b56d39d41afa8,2def38878e63be36a17ad9f1dfbbae8989025947817627bfc383ae9e93234751,Acquire-101.xml; Device-USB2+H13139.xml; ProjectSettings; View-503.xml; features/Spectrometer10_101.xml; features/Spectrometer11_101.xml; features/Spectrometer12_101.xml; features/Spectrometer13_101.xml; features/Spectrometer14_101.xml; features/Spectrometer15_101.xml; features/Spectrometer16_101.xml; features/Spectrometer8_101.xml; features/Spectrometer9_101.xml; features/acquisitiondelay7_101.xml; features/continuousstrobe5_101.xml; features/continuousstrobe6_101.xml; features/decouplecorrection4_101.xml; features/singlestrobe1_101.xml; features/singlestrobe2_101.xml; features/singlestrobe3_101.xml; features/strobelamp0_101.xml
f_g_532.ocv,f_g_532.ocv,8323,ac52e77fc21978b895afb51388e85a8bad4ba7a6c2f2d3e0565f2219cdc906b8,21,12a96d4327924b09361377a2a0ea3b756a3864a17e2ff2c4599b56d39d41afa8,2def38878e63be36a17ad9f1dfbbae8989025947817627bfc383ae9e93234751,Acquire-101.xml; Device-USB2+H13139.xml; ProjectSettings; View-503.xml; features/Spectrometer10_101.xml; features/Spectrometer11_101.xml; features/Spectrometer12_101.xml; features/Spectrometer13_101.xml; features/Spectrometer14_101.xml; features/Spectrometer15_101.xml; features/Spectrometer16_101.xml; features/Spectrometer8_101.xml; features/Spectrometer9_101.xml; features/acquisitiondelay7_101.xml; features/continuousstrobe5_101.xml; features/continuousstrobe6_101.xml; features/decouplecorrection4_101.xml; features/singlestrobe1_101.xml; features/singlestrobe2_101.xml; features/singlestrobe3_101.xml; features/strobelamp0_101.xml
f_g_556.ocv,f_g_556.ocv,8323,5590a7d9e41ba21e26cfcd0661d9c8942e13e716cd76ab690184724c7ae0baa7,21,12a96d4327924b09361377a2a0ea3b756a3864a17e2ff2c4599b56d39d41afa8,2def38878e63be36a17ad9f1dfbbae8989025947817627bfc383ae9e93234751,Acquire-101.xml; Device-USB2+H13139.xml; ProjectSettings; View-503.xml; features/Spectrometer10_101.xml; features/Spectrometer11_101.xml; features/Spectrometer12_101.xml; features/Spectrometer13_101.xml; features/Spectrometer14_101.xml; features/Spectrometer15_101.xml; features/Spectrometer16_101.xml; features/Spectrometer8_101.xml; features/Spectrometer9_101.xml; features/acquisitiondelay7_101.xml; features/continuousstrobe5_101.xml; features/continuousstrobe6_101.xml; features/decouplecorrection4_101.xml; features/singlestrobe1_101.xml; features/singlestrobe2_101.xml; features/singlestrobe3_101.xml; features/strobelamp0_101.xml
f_g_680.ocv,f_g_680.ocv,8323,b76747ea69ef57848137a6dbb9fc0a17f8df1d920aa0af1a9d85117a0a33c7ea,21,12a96d4327924b09361377a2a0ea3b756a3864a17e2ff2c4599b56d39d41afa8,2def38878e63be36a17ad9f1dfbbae8989025947817627bfc383ae9e93234751,Acquire-101.xml; Device-USB2+H13139.xml; ProjectSettings; View-503.xml; features/Spectrometer10_101.xml; features/Spectrometer11_101.xml; features/Spectrometer12_101.xml; features/Spectrometer13_101.xml; features/Spectrometer14_101.xml; features/Spectrometer15_101.xml; features/Spectrometer16_101.xml; features/Spectrometer8_101.xml; features/Spectrometer9_101.xml; features/acquisitiondelay7_101.xml; features/continuousstrobe5_101.xml; features/continuousstrobe6_101.xml; features/decouplecorrection4_101.xml; features/singlestrobe1_101.xml; features/singlestrobe2_101.xml; features/singlestrobe3_101.xml; features/strobelamp0_101.xml
f_g_725.ocv,f_g_725.ocv,8323,bec4207189a6ccb0f8109a4b254ef24be36402d5a6433fa5fbdd73e957c67d0f,21,12a96d4327924b09361377a2a0ea3b756a3864a17e2ff2c4599b56d39d41afa8,2def38878e63be36a17ad9f1dfbbae8989025947817627bfc383ae9e93234751,Acquire-101.xml; Device-USB2+H13139.xml; ProjectSettings; View-503.xml; features/Spectrometer10_101.xml; features/Spectrometer11_101.xml; features/Spectrometer12_101.xml; features/Spectrometer13_101.xml; features/Spectrometer14_101.xml; features/Spectrometer15_101.xml; features/Spectrometer16_101.xml; features/Spectrometer8_101.xml; features/Spectrometer9_101.xml; features/acquisitiondelay7_101.xml; features/continuousstrobe5_101.xml; features/continuousstrobe6_101.xml; features/decouplecorrection4_101.xml; features/singlestrobe1_101.xml; features/singlestrobe2_101.xml; features/singlestrobe3_101.xml; features/strobelamp0_101.xml
f_g_850.ocv,f_g_850.ocv,8323,b7000afc88b3a5aa9c8a13728519be2c2381351fc0b904dbc6da198a9c9d60f6,21,12a96d4327924b09361377a2a0ea3b756a3864a17e2ff2c4599b56d39d41afa8,2def38878e63be36a17ad9f1dfbbae8989025947817627bfc383ae9e93234751,Acquire-101.xml; Device-USB2+H13139.xml; ProjectSettings; View-503.xml; features/Spectrometer10_101.xml; features/Spectrometer11_101.xml; features/Spectrometer12_101.xml; features/Spectrometer13_101.xml; features/Spectrometer14_101.xml; features/Spectrometer15_101.xml; features/Spectrometer16_101.xml; features/Spectrometer8_101.xml; features/Spectrometer9_101.xml; features/acquisitiondelay7_101.xml; features/continuousstrobe5_101.xml; features/continuousstrobe6_101.xml; features/decouplecorrection4_101.xml; features/singlestrobe1_101.xml; features/singlestrobe2_101.xml; features/singlestrobe3_101.xml; features/strobelamp0_101.xml
f_g_940.ocv,f_g_940.ocv,8344,f15d57a3593b2e79f9db1d22a964c87250ecbfa7b7c90924bd544c54d2aa1493,21,12a96d4327924b09361377a2a0ea3b756a3864a17e2ff2c4599b56d39d41afa8,603c40f9b087c105fb1eb4c78a8de390e3122e17f03d462a22fab3dbcb6a5fe3,Acquire-101.xml; Device-USB2+H13139.xml; ProjectSettings; View-503.xml; features/Spectrometer10_101.xml; features/Spectrometer11_101.xml; features/Spectrometer12_101.xml; features/Spectrometer13_101.xml; features/Spectrometer14_101.xml; features/Spectrometer15_101.xml; features/Spectrometer16_101.xml; features/Spectrometer8_101.xml; features/Spectrometer9_101.xml; features/acquisitiondelay7_101.xml; features/continuousstrobe5_101.xml; features/continuousstrobe6_101.xml; features/decouplecorrection4_101.xml; features/singlestrobe1_101.xml; features/singlestrobe2_101.xml; features/singlestrobe3_101.xml; features/strobelamp0_101.xml
f_v_680.ocv,f_v_680.ocv,8323,78a932d0af1f1ad72387eff92c1ec26113981395dff4c188c169e42166ebe604,21,12a96d4327924b09361377a2a0ea3b756a3864a17e2ff2c4599b56d39d41afa8,2def38878e63be36a17ad9f1dfbbae8989025947817627bfc383ae9e93234751,Acquire-101.xml; Device-USB2+H13139.xml; ProjectSettings; View-503.xml; features/Spectrometer10_101.xml; features/Spectrometer11_101.xml; features/Spectrometer12_101.xml; features/Spectrometer13_101.xml; features/Spectrometer14_101.xml; features/Spectrometer15_101.xml; features/Spectrometer16_101.xml; features/Spectrometer8_101.xml; features/Spectrometer9_101.xml; features/acquisitiondelay7_101.xml; features/continuousstrobe5_101.xml; features/continuousstrobe6_101.xml; features/decouplecorrection4_101.xml; features/singlestrobe1_101.xml; features/singlestrobe2_101.xml; features/singlestrobe3_101.xml; features/strobelamp0_101.xml
f_v_680_2.ocv,f_v_680_2.ocv,8323,47ab5c36e36ae82f89388f890011eb8a73125b263908970c65db20ba08e481a9,21,12a96d4327924b09361377a2a0ea3b756a3864a17e2ff2c4599b56d39d41afa8,2def38878e63be36a17ad9f1dfbbae8989025947817627bfc383ae9e93234751,Acquire-101.xml; Device-USB2+H13139.xml; ProjectSettings; View-503.xml; features/Spectrometer10_101.xml; features/Spectrometer11_101.xml; features/Spectrometer12_101.xml; features/Spectrometer13_101.xml; features/Spectrometer14_101.xml; features/Spectrometer15_101.xml; features/Spectrometer16_101.xml; features/Spectrometer8_101.xml; features/Spectrometer9_101.xml; features/acquisitiondelay7_101.xml; features/continuousstrobe5_101.xml; features/continuousstrobe6_101.xml; features/decouplecorrection4_101.xml; features/singlestrobe1_101.xml; features/singlestrobe2_101.xml; features/singlestrobe3_101.xml; features/strobelamp0_101.xml
f_v_725.ocv,f_v_725.ocv,8323,ff89849bc75ce33be4f9edffb5fc807a97a0f7323d1d86bc2172ec68f25e15d2,21,12a96d4327924b09361377a2a0ea3b756a3864a17e2ff2c4599b56d39d41afa8,2def38878e63be36a17ad9f1dfbbae8989025947817627bfc383ae9e93234751,Acquire-101.xml; Device-USB2+H13139.xml; ProjectSettings; View-503.xml; features/Spectrometer10_101.xml; features/Spectrometer11_101.xml; features/Spectrometer12_101.xml; features/Spectrometer13_101.xml; features/Spectrometer14_101.xml; features/Spectrometer15_101.xml; features/Spectrometer16_101.xml; features/Spectrometer8_101.xml; features/Spectrometer9_101.xml; features/acquisitiondelay7_101.xml; features/continuousstrobe5_101.xml; features/continuousstrobe6_101.xml; features/decouplecorrection4_101.xml; features/singlestrobe1_101.xml; features/singlestrobe2_101.xml; features/singlestrobe3_101.xml; features/strobelamp0_101.xml
f_v_850.ocv,f_v_850.ocv,8323,e80ec6441a49bf76054305847a0479bd210d5af8f2a19f93cfe1658d73e959f7,21,12a96d4327924b09361377a2a0ea3b756a3864a17e2ff2c4599b56d39d41afa8,2def38878e63be36a17ad9f1dfbbae8989025947817627bfc383ae9e93234751,Acquire-101.xml; Device-USB2+H13139.xml; ProjectSettings; View-503.xml; features/Spectrometer10_101.xml; features/Spectrometer11_101.xml; features/Spectrometer12_101.xml; features/Spectrometer13_101.xml; features/Spectrometer14_101.xml; features/Spectrometer15_101.xml; features/Spectrometer16_101.xml; features/Spectrometer8_101.xml; features/Spectrometer9_101.xml; features/acquisitiondelay7_101.xml; features/continuousstrobe5_101.xml; features/continuousstrobe6_101.xml; features/decouplecorrection4_101.xml; features/singlestrobe1_101.xml; features/singlestrobe2_101.xml; features/singlestrobe3_101.xml; features/strobelamp0_101.xml
f_v_940.ocv,f_v_940.ocv,8323,1b7bf9bc284040765cc24518bd4a98f530b3cf301f83959bf6d666a8a2a1e98a,21,12a96d4327924b09361377a2a0ea3b756a3864a17e2ff2c4599b56d39d41afa8,2def38878e63be36a17ad9f1dfbbae8989025947817627bfc383ae9e93234751,Acquire-101.xml; Device-USB2+H13139.xml; ProjectSettings; View-503.xml; features/Spectrometer10_101.xml; features/Spectrometer11_101.xml; features/Spectrometer12_101.xml; features/Spectrometer13_101.xml; features/Spectrometer14_101.xml; features/Spectrometer15_101.xml; features/Spectrometer16_101.xml; features/Spectrometer8_101.xml; features/Spectrometer9_101.xml; features/acquisitiondelay7_101.xml; features/continuousstrobe5_101.xml; features/continuousstrobe6_101.xml; features/decouplecorrection4_101.xml; features/singlestrobe1_101.xml; features/singlestrobe2_101.xml; features/singlestrobe3_101.xml; features/strobelamp0_101.xml
frunza galbenfarafiltru.ocv,frunza galbenfarafiltru.ocv,8328,123fe44f19cd2efcae23b9332734ac09200f1c79986815f765416cf148fc41d2,21,12a96d4327924b09361377a2a0ea3b756a3864a17e2ff2c4599b56d39d41afa8,9aed22f13087bd1285c73ecc06c6474b5804d8b168e9f8e1169273789533b860,Acquire-101.xml; Device-USB2+H13139.xml; ProjectSettings; View-503.xml; features/Spectrometer10_101.xml; features/Spectrometer11_101.xml; features/Spectrometer12_101.xml; features/Spectrometer13_101.xml; features/Spectrometer14_101.xml; features/Spectrometer15_101.xml; features/Spectrometer16_101.xml; features/Spectrometer8_101.xml; features/Spectrometer9_101.xml; features/acquisitiondelay7_101.xml; features/continuousstrobe5_101.xml; features/continuousstrobe6_101.xml; features/decouplecorrection4_101.xml; features/singlestrobe1_101.xml; features/singlestrobe2_101.xml; features/singlestrobe3_101.xml; features/strobelamp0_101.xml
frunzasanatoasa spectruintreg.ocv,frunzasanatoasa spectruintreg.ocv,8328,593b15cd7d18b45317e022ea40bb36a10d36cb21b66315f439bec6ada61ad3b1,21,12a96d4327924b09361377a2a0ea3b756a3864a17e2ff2c4599b56d39d41afa8,9aed22f13087bd1285c73ecc06c6474b5804d8b168e9f8e1169273789533b860,Acquire-101.xml; Device-USB2+H13139.xml; ProjectSettings; View-503.xml; features/Spectrometer10_101.xml; features/Spectrometer11_101.xml; features/Spectrometer12_101.xml; features/Spectrometer13_101.xml; features/Spectrometer14_101.xml; features/Spectrometer15_101.xml; features/Spectrometer16_101.xml; features/Spectrometer8_101.xml; features/Spectrometer9_101.xml; features/acquisitiondelay7_101.xml; features/continuousstrobe5_101.xml; features/continuousstrobe6_101.xml; features/decouplecorrection4_101.xml; features/singlestrobe1_101.xml; features/singlestrobe2_101.xml; features/singlestrobe3_101.xml; features/strobelamp0_101.xml
fverde 556.ocv,fverde 556.ocv,8323,c0286428ac3b9b45f7d9d59e926089e74e449f1f7bcf3869b2a7cb57823535ee,21,12a96d4327924b09361377a2a0ea3b756a3864a17e2ff2c4599b56d39d41afa8,2def38878e63be36a17ad9f1dfbbae8989025947817627bfc383ae9e93234751,Acquire-101.xml; Device-USB2+H13139.xml; ProjectSettings; View-503.xml; features/Spectrometer10_101.xml; features/Spectrometer11_101.xml; features/Spectrometer12_101.xml; features/Spectrometer13_101.xml; features/Spectrometer14_101.xml; features/Spectrometer15_101.xml; features/Spectrometer16_101.xml; features/Spectrometer8_101.xml; features/Spectrometer9_101.xml; features/acquisitiondelay7_101.xml; features/continuousstrobe5_101.xml; features/continuousstrobe6_101.xml; features/decouplecorrection4_101.xml; features/singlestrobe1_101.xml; features/singlestrobe2_101.xml; features/singlestrobe3_101.xml; features/strobelamp0_101.xml
f verde532.ocv,New folder\f verde532.ocv,8323,d85a53020dd8e2dd976cbcec1228a0b91b5bf6d803a8813770b4d03712e811bc,21,12a96d4327924b09361377a2a0ea3b756a3864a17e2ff2c4599b56d39d41afa8,2def38878e63be36a17ad9f1dfbbae8989025947817627bfc383ae9e93234751,Acquire-101.xml; Device-USB2+H13139.xml; ProjectSettings; View-503.xml; features/Spectrometer10_101.xml; features/Spectrometer11_101.xml; features/Spectrometer12_101.xml; features/Spectrometer13_101.xml; features/Spectrometer14_101.xml; features/Spectrometer15_101.xml; features/Spectrometer16_101.xml; features/Spectrometer8_101.xml; features/Spectrometer9_101.xml; features/acquisitiondelay7_101.xml; features/continuousstrobe5_101.xml; features/continuousstrobe6_101.xml; features/decouplecorrection4_101.xml; features/singlestrobe1_101.xml; features/singlestrobe2_101.xml; features/singlestrobe3_101.xml; features/strobelamp0_101.xml
f_g_532.ocv,New folder\f_g_532.ocv,8323,ac52e77fc21978b895afb51388e85a8bad4ba7a6c2f2d3e0565f2219cdc906b8,21,12a96d4327924b09361377a2a0ea3b756a3864a17e2ff2c4599b56d39d41afa8,2def38878e63be36a17ad9f1dfbbae8989025947817627bfc383ae9e93234751,Acquire-101.xml; Device-USB2+H13139.xml; ProjectSettings; View-503.xml; features/Spectrometer10_101.xml; features/Spectrometer11_101.xml; features/Spectrometer12_101.xml; features/Spectrometer13_101.xml; features/Spectrometer14_101.xml; features/Spectrometer15_101.xml; features/Spectrometer16_101.xml; features/Spectrometer8_101.xml; features/Spectrometer9_101.xml; features/acquisitiondelay7_101.xml; features/continuousstrobe5_101.xml; features/continuousstrobe6_101.xml; features/decouplecorrection4_101.xml; features/singlestrobe1_101.xml; features/singlestrobe2_101.xml; features/singlestrobe3_101.xml; features/strobelamp0_101.xml
f_g_556.ocv,New folder\f_g_556.ocv,8323,5590a7d9e41ba21e26cfcd0661d9c8942e13e716cd76ab690184724c7ae0baa7,21,12a96d4327924b09361377a2a0ea3b756a3864a17e2ff2c4599b56d39d41afa8,2def38878e63be36a17ad9f1dfbbae8989025947817627bfc383ae9e93234751,Acquire-101.xml; Device-USB2+H13139.xml; ProjectSettings; View-503.xml; features/Spectrometer10_101.xml; features/Spectrometer11_101.xml; features/Spectrometer12_101.xml; features/Spectrometer13_101.xml; features/Spectrometer14_101.xml; features/Spectrometer15_101.xml; features/Spectrometer16_101.xml; features/Spectrometer8_101.xml; features/Spectrometer9_101.xml; features/acquisitiondelay7_101.xml; features/continuousstrobe5_101.xml; features/continuousstrobe6_101.xml; features/decouplecorrection4_101.xml; features/singlestrobe1_101.xml; features/singlestrobe2_101.xml; features/singlestrobe3_101.xml; features/strobelamp0_101.xml
f_g_680.ocv,New folder\f_g_680.ocv,8323,b76747ea69ef57848137a6dbb9fc0a17f8df1d920aa0af1a9d85117a0a33c7ea,21,12a96d4327924b09361377a2a0ea3b756a3864a17e2ff2c4599b56d39d41afa8,2def38878e63be36a17ad9f1dfbbae8989025947817627bfc383ae9e93234751,Acquire-101.xml; Device-USB2+H13139.xml; ProjectSettings; View-503.xml; features/Spectrometer10_101.xml; features/Spectrometer11_101.xml; features/Spectrometer12_101.xml; features/Spectrometer13_101.xml; features/Spectrometer14_101.xml; features/Spectrometer15_101.xml; features/Spectrometer16_101.xml; features/Spectrometer8_101.xml; features/Spectrometer9_101.xml; features/acquisitiondelay7_101.xml; features/continuousstrobe5_101.xml; features/continuousstrobe6_101.xml; features/decouplecorrection4_101.xml; features/singlestrobe1_101.xml; features/singlestrobe2_101.xml; features/singlestrobe3_101.xml; features/strobelamp0_101.xml
f_g_725.ocv,New folder\f_g_725.ocv,8323,bec4207189a6ccb0f8109a4b254ef24be36402d5a6433fa5fbdd73e957c67d0f,21,12a96d4327924b09361377a2a0ea3b756a3864a17e2ff2c4599b56d39d41afa8,2def38878e63be36a17ad9f1dfbbae8989025947817627bfc383ae9e93234751,Acquire-101.xml; Device-USB2+H13139.xml; ProjectSettings; View-503.xml; features/Spectrometer10_101.xml; features/Spectrometer11_101.xml; features/Spectrometer12_101.xml; features/Spectrometer13_101.xml; features/Spectrometer14_101.xml; features/Spectrometer15_101.xml; features/Spectrometer16_101.xml; features/Spectrometer8_101.xml; features/Spectrometer9_101.xml; features/acquisitiondelay7_101.xml; features/continuousstrobe5_101.xml; features/continuousstrobe6_101.xml; features/decouplecorrection4_101.xml; features/singlestrobe1_101.xml; features/singlestrobe2_101.xml; features/singlestrobe3_101.xml; features/strobelamp0_101.xml
f_g_850.ocv,New folder\f_g_850.ocv,8323,b7000afc88b3a5aa9c8a13728519be2c2381351fc0b904dbc6da198a9c9d60f6,21,12a96d4327924b09361377a2a0ea3b756a3864a17e2ff2c4599b56d39d41afa8,2def38878e63be36a17ad9f1dfbbae8989025947817627bfc383ae9e93234751,Acquire-101.xml; Device-USB2+H13139.xml; ProjectSettings; View-503.xml; features/Spectrometer10_101.xml; features/Spectrometer11_101.xml; features/Spectrometer12_101.xml; features/Spectrometer13_101.xml; features/Spectrometer14_101.xml; features/Spectrometer15_101.xml; features/Spectrometer16_101.xml; features/Spectrometer8_101.xml; features/Spectrometer9_101.xml; features/acquisitiondelay7_101.xml; features/continuousstrobe5_101.xml; features/continuousstrobe6_101.xml; features/decouplecorrection4_101.xml; features/singlestrobe1_101.xml; features/singlestrobe2_101.xml; features/singlestrobe3_101.xml; features/strobelamp0_101.xml
f_g_940.ocv,New folder\f_g_940.ocv,8344,f15d57a3593b2e79f9db1d22a964c87250ecbfa7b7c90924bd544c54d2aa1493,21,12a96d4327924b09361377a2a0ea3b756a3864a17e2ff2c4599b56d39d41afa8,603c40f9b087c105fb1eb4c78a8de390e3122e17f03d462a22fab3dbcb6a5fe3,Acquire-101.xml; Device-USB2+H13139.xml; ProjectSettings; View-503.xml; features/Spectrometer10_101.xml; features/Spectrometer11_101.xml; features/Spectrometer12_101.xml; features/Spectrometer13_101.xml; features/Spectrometer14_101.xml; features/Spectrometer15_101.xml; features/Spectrometer16_101.xml; features/Spectrometer8_101.xml; features/Spectrometer9_101.xml; features/acquisitiondelay7_101.xml; features/continuousstrobe5_101.xml; features/continuousstrobe6_101.xml; features/decouplecorrection4_101.xml; features/singlestrobe1_101.xml; features/singlestrobe2_101.xml; features/singlestrobe3_101.xml; features/strobelamp0_101.xml
f_v_680.ocv,New folder\f_v_680.ocv,8323,78a932d0af1f1ad72387eff92c1ec26113981395dff4c188c169e42166ebe604,21,12a96d4327924b09361377a2a0ea3b756a3864a17e2ff2c4599b56d39d41afa8,2def38878e63be36a17ad9f1dfbbae8989025947817627bfc383ae9e93234751,Acquire-101.xml; Device-USB2+H13139.xml; ProjectSettings; View-503.xml; features/Spectrometer10_101.xml; features/Spectrometer11_101.xml; features/Spectrometer12_101.xml; features/Spectrometer13_101.xml; features/Spectrometer14_101.xml; features/Spectrometer15_101.xml; features/Spectrometer16_101.xml; features/Spectrometer8_101.xml; features/Spectrometer9_101.xml; features/acquisitiondelay7_101.xml; features/continuousstrobe5_101.xml; features/continuousstrobe6_101.xml; features/decouplecorrection4_101.xml; features/singlestrobe1_101.xml; features/singlestrobe2_101.xml; features/singlestrobe3_101.xml; features/strobelamp0_101.xml
f_v_680_2.ocv,New folder\f_v_680_2.ocv,8323,47ab5c36e36ae82f89388f890011eb8a73125b263908970c65db20ba08e481a9,21,12a96d4327924b09361377a2a0ea3b756a3864a17e2ff2c4599b56d39d41afa8,2def38878e63be36a17ad9f1dfbbae8989025947817627bfc383ae9e93234751,Acquire-101.xml; Device-USB2+H13139.xml; ProjectSettings; View-503.xml; features/Spectrometer10_101.xml; features/Spectrometer11_101.xml; features/Spectrometer12_101.xml; features/Spectrometer13_101.xml; features/Spectrometer14_101.xml; features/Spectrometer15_101.xml; features/Spectrometer16_101.xml; features/Spectrometer8_101.xml; features/Spectrometer9_101.xml; features/acquisitiondelay7_101.xml; features/continuousstrobe5_101.xml; features/continuousstrobe6_101.xml; features/decouplecorrection4_101.xml; features/singlestrobe1_101.xml; features/singlestrobe2_101.xml; features/singlestrobe3_101.xml; features/strobelamp0_101.xml
f_v_725.ocv,New folder\f_v_725.ocv,8323,ff89849bc75ce33be4f9edffb5fc807a97a0f7323d1d86bc2172ec68f25e15d2,21,12a96d4327924b09361377a2a0ea3b756a3864a17e2ff2c4599b56d39d41afa8,2def38878e63be36a17ad9f1dfbbae8989025947817627bfc383ae9e93234751,Acquire-101.xml; Device-USB2+H13139.xml; ProjectSettings; View-503.xml; features/Spectrometer10_101.xml; features/Spectrometer11_101.xml; features/Spectrometer12_101.xml; features/Spectrometer13_101.xml; features/Spectrometer14_101.xml; features/Spectrometer15_101.xml; features/Spectrometer16_101.xml; features/Spectrometer8_101.xml; features/Spectrometer9_101.xml; features/acquisitiondelay7_101.xml; features/continuousstrobe5_101.xml; features/continuousstrobe6_101.xml; features/decouplecorrection4_101.xml; features/singlestrobe1_101.xml; features/singlestrobe2_101.xml; features/singlestrobe3_101.xml; features/strobelamp0_101.xml
f_v_850.ocv,New folder\f_v_850.ocv,8323,e80ec6441a49bf76054305847a0479bd210d5af8f2a19f93cfe1658d73e959f7,21,12a96d4327924b09361377a2a0ea3b756a3864a17e2ff2c4599b56d39d41afa8,2def38878e63be36a17ad9f1dfbbae8989025947817627bfc383ae9e93234751,Acquire-101.xml; Device-USB2+H13139.xml; ProjectSettings; View-503.xml; features/Spectrometer10_101.xml; features/Spectrometer11_101.xml; features/Spectrometer12_101.xml; features/Spectrometer13_101.xml; features/Spectrometer14_101.xml; features/Spectrometer15_101.xml; features/Spectrometer16_101.xml; features/Spectrometer8_101.xml; features/Spectrometer9_101.xml; features/acquisitiondelay7_101.xml; features/continuousstrobe5_101.xml; features/continuousstrobe6_101.xml; features/decouplecorrection4_101.xml; features/singlestrobe1_101.xml; features/singlestrobe2_101.xml; features/singlestrobe3_101.xml; features/strobelamp0_101.xml
f_v_940.ocv,New folder\f_v_940.ocv,8323,1b7bf9bc284040765cc24518bd4a98f530b3cf301f83959bf6d666a8a2a1e98a,21,12a96d4327924b09361377a2a0ea3b756a3864a17e2ff2c4599b56d39d41afa8,2def38878e63be36a17ad9f1dfbbae8989025947817627bfc383ae9e93234751,Acquire-101.xml; Device-USB2+H13139.xml; ProjectSettings; View-503.xml; features/Spectrometer10_101.xml; features/Spectrometer11_101.xml; features/Spectrometer12_101.xml; features/Spectrometer13_101.xml; features/Spectrometer14_101.xml; features/Spectrometer15_101.xml; features/Spectrometer16_101.xml; features/Spectrometer8_101.xml; features/Spectrometer9_101.xml; features/acquisitiondelay7_101.xml; features/continuousstrobe5_101.xml; features/continuousstrobe6_101.xml; features/decouplecorrection4_101.xml; features/singlestrobe1_101.xml; features/singlestrobe2_101.xml; features/singlestrobe3_101.xml; features/strobelamp0_101.xml
frunza galbenfarafiltru.ocv,New folder\frunza galbenfarafiltru.ocv,8328,123fe44f19cd2efcae23b9332734ac09200f1c79986815f765416cf148fc41d2,21,12a96d4327924b09361377a2a0ea3b756a3864a17e2ff2c4599b56d39d41afa8,9aed22f13087bd1285c73ecc06c6474b5804d8b168e9f8e1169273789533b860,Acquire-101.xml; Device-USB2+H13139.xml; ProjectSettings; View-503.xml; features/Spectrometer10_101.xml; features/Spectrometer11_101.xml; features/Spectrometer12_101.xml; features/Spectrometer13_101.xml; features/Spectrometer14_101.xml; features/Spectrometer15_101.xml; features/Spectrometer16_101.xml; features/Spectrometer8_101.xml; features/Spectrometer9_101.xml; features/acquisitiondelay7_101.xml; features/continuousstrobe5_101.xml; features/continuousstrobe6_101.xml; features/decouplecorrection4_101.xml; features/singlestrobe1_101.xml; features/singlestrobe2_101.xml; features/singlestrobe3_101.xml; features/strobelamp0_101.xml
frunzasanatoasa spectruintreg.ocv,New folder\frunzasanatoasa spectruintreg.ocv,8328,593b15cd7d18b45317e022ea40bb36a10d36cb21b66315f439bec6ada61ad3b1,21,12a96d4327924b09361377a2a0ea3b756a3864a17e2ff2c4599b56d39d41afa8,9aed22f13087bd1285c73ecc06c6474b5804d8b168e9f8e1169273789533b860,Acquire-101.xml; Device-USB2+H13139.xml; ProjectSettings; View-503.xml; features/Spectrometer10_101.xml; features/Spectrometer11_101.xml; features/Spectrometer12_101.xml; features/Spectrometer13_101.xml; features/Spectrometer14_101.xml; features/Spectrometer15_101.xml; features/Spectrometer16_101.xml; features/Spectrometer8_101.xml; features/Spectrometer9_101.xml; features/acquisitiondelay7_101.xml; features/continuousstrobe5_101.xml; features/continuousstrobe6_101.xml; features/decouplecorrection4_101.xml; features/singlestrobe1_101.xml; features/singlestrobe2_101.xml; features/singlestrobe3_101.xml; features/strobelamp0_101.xml
fverde 556.ocv,New folder\fverde 556.ocv,8323,c0286428ac3b9b45f7d9d59e926089e74e449f1f7bcf3869b2a7cb57823535ee,21,12a96d4327924b09361377a2a0ea3b756a3864a17e2ff2c4599b56d39d41afa8,2def38878e63be36a17ad9f1dfbbae8989025947817627bfc383ae9e93234751,Acquire-101.xml; Device-USB2+H13139.xml; ProjectSettings; View-503.xml; features/Spectrometer10_101.xml; features/Spectrometer11_101.xml; features/Spectrometer12_101.xml; features/Spectrometer13_101.xml; features/Spectrometer14_101.xml; features/Spectrometer15_101.xml; features/Spectrometer16_101.xml; features/Spectrometer8_101.xml; features/Spectrometer9_101.xml; features/acquisitiondelay7_101.xml; features/continuousstrobe5_101.xml; features/continuousstrobe6_101.xml; features/decouplecorrection4_101.xml; features/singlestrobe1_101.xml; features/singlestrobe2_101.xml; features/singlestrobe3_101.xml; features/strobelamp0_101.xml
UVvis af.ocv,New folder\UVvis af.ocv,8323,a9df8d83dbd11e561909d5358677b3c3f9aeb22c9fdb390dbc9d338c0e2104cb,21,12a96d4327924b09361377a2a0ea3b756a3864a17e2ff2c4599b56d39d41afa8,2def38878e63be36a17ad9f1dfbbae8989025947817627bfc383ae9e93234751,Acquire-101.xml; Device-USB2+H13139.xml; ProjectSettings; View-503.xml; features/Spectrometer10_101.xml; features/Spectrometer11_101.xml; features/Spectrometer12_101.xml; features/Spectrometer13_101.xml; features/Spectrometer14_101.xml; features/Spectrometer15_101.xml; features/Spectrometer16_101.xml; features/Spectrometer8_101.xml; features/Spectrometer9_101.xml; features/acquisitiondelay7_101.xml; features/continuousstrobe5_101.xml; features/continuousstrobe6_101.xml; features/decouplecorrection4_101.xml; features/singlestrobe1_101.xml; features/singlestrobe2_101.xml; features/singlestrobe3_101.xml; features/strobelamp0_101.xml
Uvvis_af.ocv,New folder\Uvvis_af.ocv,8328,592e1720b4fb1284a8dce8fde2de9a1694edcfdfbe698303a5054a011dc475eb,21,12a96d4327924b09361377a2a0ea3b756a3864a17e2ff2c4599b56d39d41afa8,9aed22f13087bd1285c73ecc06c6474b5804d8b168e9f8e1169273789533b860,Acquire-101.xml; Device-USB2+H13139.xml; ProjectSettings; View-503.xml; features/Spectrometer10_101.xml; features/Spectrometer11_101.xml; features/Spectrometer12_101.xml; features/Spectrometer13_101.xml; features/Spectrometer14_101.xml; features/Spectrometer15_101.xml; features/Spectrometer16_101.xml; features/Spectrometer8_101.xml; features/Spectrometer9_101.xml; features/acquisitiondelay7_101.xml; features/continuousstrobe5_101.xml; features/continuousstrobe6_101.xml; features/decouplecorrection4_101.xml; features/singlestrobe1_101.xml; features/singlestrobe2_101.xml; features/singlestrobe3_101.xml; features/strobelamp0_101.xml
UVvis af.ocv,UVvis af.ocv,8323,a9df8d83dbd11e561909d5358677b3c3f9aeb22c9fdb390dbc9d338c0e2104cb,21,12a96d4327924b09361377a2a0ea3b756a3864a17e2ff2c4599b56d39d41afa8,2def38878e63be36a17ad9f1dfbbae8989025947817627bfc383ae9e93234751,Acquire-101.xml; Device-USB2+H13139.xml; ProjectSettings; View-503.xml; features/Spectrometer10_101.xml; features/Spectrometer11_101.xml; features/Spectrometer12_101.xml; features/Spectrometer13_101.xml; features/Spectrometer14_101.xml; features/Spectrometer15_101.xml; features/Spectrometer16_101.xml; features/Spectrometer8_101.xml; features/Spectrometer9_101.xml; features/acquisitiondelay7_101.xml; features/continuousstrobe5_101.xml; features/continuousstrobe6_101.xml; features/decouplecorrection4_101.xml; features/singlestrobe1_101.xml; features/singlestrobe2_101.xml; features/singlestrobe3_101.xml; features/strobelamp0_101.xml
Uvvis_af.ocv,Uvvis_af.ocv,8328,592e1720b4fb1284a8dce8fde2de9a1694edcfdfbe698303a5054a011dc475eb,21,12a96d4327924b09361377a2a0ea3b756a3864a17e2ff2c4599b56d39d41afa8,9aed22f13087bd1285c73ecc06c6474b5804d8b168e9f8e1169273789533b860,Acquire-101.xml; Device-USB2+H13139.xml; ProjectSettings; View-503.xml; features/Spectrometer10_101.xml; features/Spectrometer11_101.xml; features/Spectrometer12_101.xml; features/Spectrometer13_101.xml; features/Spectrometer14_101.xml; features/Spectrometer15_101.xml; features/Spectrometer16_101.xml; features/Spectrometer8_101.xml; features/Spectrometer9_101.xml; features/acquisitiondelay7_101.xml; features/continuousstrobe5_101.xml; features/continuousstrobe6_101.xml; features/decouplecorrection4_101.xml; features/singlestrobe1_101.xml; features/singlestrobe2_101.xml; features/singlestrobe3_101.xml; features/strobelamp0_101.xml
