relative_path,file,environment,sample_id,condition,role,filter_label,filter_nm,points,wavelength_min,wavelength_max,raw_min,raw_max,raw_mean,raw_peak_wavelength_nm,raw_peak_intensity,reflectance_status,raw_i_532,refl_532,raw_i_556,refl_556,raw_i_680,refl_680,raw_i_725,refl_725,raw_i_850,refl_850,raw_i_940,refl_940,raw_ratio_850_680,raw_ratio_725_680,refl_ratio_850_680,refl_ratio_725_680
afara\fr1\nesan\532.txt,532.txt,afara,afara/fr1/nesan,unhealthy,sample,532,532.0,2048,187.546,1034.421,-176.44,11602.22,822.923994,534.705,11602.22,ok,10647.396799,-0.56399,7089.254871,-0.836322,336.991707,-1.410131,277.836881,-1.356752,307.921295,-0.996879,304.347131,-1.01889,0.913736,0.824462,0.706941,0.962146
afara\fr1\nesan\556.txt,556.txt,afara,afara/fr1/nesan,unhealthy,sample,556,556.0,2048,187.546,1034.421,-168.41,9523.21,1282.497251,549.22,9523.21,ok,7729.964907,-0.734429,8818.661059,-0.705532,1516.663537,-1.146057,995.385421,-1.030913,477.663005,-0.785049,275.783029,-1.625773,0.314943,0.656299,0.685,0.89953
afara\fr1\nesan\680.txt,680.txt,afara,afara/fr1/nesan,unhealthy,sample,680,680.0,2048,187.546,1034.421,-182.58,25547.46,1661.575859,666.939,25547.46,ok,1596.743014,-1.092716,1328.786847,-1.271967,22070.080732,3.455074,565.361832,-1.226125,419.293394,-0.854721,353.393646,-0.280675,0.018998,0.025617,-0.247381,-0.354877
afara\fr1\nesan\725.txt,725.txt,afara,afara/fr1/nesan,unhealthy,sample,725,725.0,2048,187.546,1034.421,-145.56,15708.87,1059.811499,715.145,15708.87,ok,616.656822,-1.149963,835.827224,-1.309245,1320.029146,-1.190104,11305.971188,3.652002,336.406606,-0.961174,340.835684,-0.578991,0.254848,8.564941,0.807639,-3.068641
afara\fr1\nesan\850.txt,850.txt,afara,afara/fr1/nesan,unhealthy,sample,850,850.0,2048,187.546,1034.421,-182.9,3171.99,711.974434,839.745,3171.99,ok,1118.729112,-1.120644,1255.408682,-1.277521,842.609146,-1.297059,637.81198,-1.193371,2648.604922,1.918392,307.865603,-1.115347,3.143337,0.756949,-1.479032,0.920059
afara\fr1\nesan\940.txt,940.txt,afara,afara/fr1/nesan,unhealthy,sample,940,940.0,2048,187.546,1034.421,-147.61,7935.88,797.404482,448.167,7935.88,ok,1155.938551,-1.118478,483.525412,-1.335891,477.987561,-1.378704,468.052475,-1.270465,382.49342,-0.900283,815.39311,6.587975,0.800216,0.979215,0.652992,0.921492
afara\fr1\nesan\fara.txt,fara.txt,afara,afara/fr1/nesan,unhealthy,sample,none,,2048,187.546,1034.421,-211.73,58197.6,12998.871172,535.133,58197.6,ok,56396.948668,2.108496,54035.350541,2.714076,19152.722927,2.801575,10239.845767,3.167728,3322.719585,2.739934,431.393861,0.731125,0.173485,0.534642,0.977998,1.130695
afara\fr1\san\532.txt,532.txt,afara,afara/fr1/san,healthy,sample,532,532.0,2048,187.546,1034.421,-135.8,23439.16,1284.775483,544.53,23439.16,ok,20255.138598,-0.002742,13150.157929,-0.377977,409.020854,-1.393985,452.142475,-1.277691,355.72,-0.935441,330.551582,-0.795848,0.869687,1.105426,0.671055,0.916574
afara\fr1\san\556.txt,556.txt,afara,afara/fr1/san,healthy,sample,556,556.0,2048,187.546,1034.421,-124.45,64581.28,9047.993589,529.996,64581.28,ok,64478.450935,2.580462,32178.414494,1.061083,13496.311829,1.535462,7191.834901,1.783308,2487.556762,1.708671,457.874316,1.224507,0.184314,0.532874,1.112806,1.161415
afara\fr1\san\680.txt,680.txt,afara,afara/fr1/san,healthy,sample,680,680.0,2048,187.546,1034.421,-137.53,14396.12,1406.456143,662.407,14396.12,ok,2074.744743,-1.064811,1718.776965,-1.242476,12006.333049,1.201612,806.115099,-1.117059,555.518497,-0.690536,350.933029,-0.387126,0.046269,0.067141,-0.574675,-0.929634
afara\fr1\san\725.txt,725.txt,afara,afara/fr1/san,healthy,sample,725,725.0,2048,187.546,1034.421,-176.76,57153.77,2659.506396,731.721,57153.77,ok,493.72229,-1.157156,822.654847,-1.310241,875.307561,-1.28959,54333.216931,23.192099,425.79057,-0.848072,306.256434,-1.104505,0.486447,62.073286,0.657629,-17.984087
afara\fr1\san\850.txt,850.txt,afara,afara/fr1/san,healthy,sample,850,850.0,2048,187.546,1034.421,-123.35,13414.67,1070.018198,836.25,13414.67,ok,511.23035,-1.156121,652.514188,-1.32311,392.999146,-1.397702,565.715099,-1.22624,10900.349041,12.161763,340.624692,-0.588489,27.736317,1.439482,-8.701256,0.877326
afara\fr1\san\940.txt,940.txt,afara,afara/fr1/san,healthy,sample,940,940.0,2048,187.546,1034.421,-141.31,2583.43,490.00604,926.745,2583.43,ok,600.04028,-1.150932,382.840282,-1.343509,345.21939,-1.40841,446.98151,-1.280075,355.917176,-0.936619,760.796515,5.722568,1.030988,1.294775,0.665019,0.90888
afara\fr1\san\fara.txt,fara.txt,afara,afara/fr1/san,healthy,sample,none,,2048,187.546,1034.421,-171.87,40585.86,8466.945312,747.805,40585.86,ok,23293.461145,0.174732,26360.661012,0.621138,6268.69622,-0.081959,25668.261064,10.173929,9580.951088,10.518312,778.53311,6.037945,1.52838,4.094673,-128.336266,-124.134372
afara\refalb.txt,refalb.txt,afara,afara/white_reference,white_reference,white_reference,,,2048,187.546,1034.421,-123.04,45075.95,9742.279556,496.869,45075.95,not_sample,37423.113762,,31370.358941,,11104.63,,5467.250965,,1921.082409,,443.040536,,0.172998,0.49234,,
afara\refnegru.txt,refnegru.txt,afara,afara/dark_reference,dark_reference,dark_reference,,,2048,187.546,1034.421,-159.27,21487.45,5359.80624,505.933,21487.45,not_sample,20303.50021,,18147.594071,,6636.327073,,3265.248391,,1107.776995,,374.114853,,0.166926,0.492026,,
afara\soare.txt,soare.txt,afara,afara/source_light,source_light,source_light,,,2048,187.546,1034.421,-163.84,54479.75,13748.305967,535.133,54479.75,not_sample,52876.623598,,50689.8492,,19176.642561,,10539.126064,,3926.837513,,580.825523,,0.204772,0.549581,,
in cutie\frunza sanatoasa dar galbena\spectru\532.txt,532.txt,in cutie,in cutie/frunza sanatoasa dar galbena,healthy_yellow,sample,532,532.0,2048,187.546,1034.421,-161.0,1225.32,322.052827,893.141,1225.32,ok,425.380981,0.200306,367.400941,-0.490955,333.771707,-0.028623,326.514431,0.73126,327.709275,-0.713321,368.245684,0.359844,0.981837,0.978257,24.921252,-25.547986
in cutie\frunza sanatoasa dar galbena\spectru\556.txt,556.txt,in cutie,in cutie/frunza sanatoasa dar galbena,healthy_yellow,sample,556,556.0,2048,187.546,1034.421,-161.79,1242.17,306.55644,893.141,1242.17,ok,391.833271,0.064548,459.816847,0.116222,276.697805,1.977585,294.028045,-1.728079,314.300207,-0.24017,302.406595,52.025119,1.135897,1.062632,-0.121446,-0.873833
in cutie\frunza sanatoasa dar galbena\spectru\680.txt,680.txt,in cutie,in cutie/frunza sanatoasa dar galbena,healthy_yellow,sample,680,680.0,2048,187.546,1034.421,-127.45,1140.4,314.955234,893.141,1140.4,ok,330.888248,0.93118,279.894588,1.40315,350.171341,-0.194502,299.191658,1.541364,260.550777,5.466484,334.346971,1.56408,0.744067,0.854415,-28.105027,-7.924669
in cutie\frunza sanatoasa dar galbena\spectru\725.txt,725.txt,in cutie,in cutie/frunza sanatoasa dar galbena,healthy_yellow,sample,725,725.0,2048,187.546,1034.421,-175.02,1158.36,314.780332,893.141,1158.36,ok,366.997804,0.499805,297.293882,1.587225,304.867561,1.221938,542.10495,0.412402,271.12,1.171008,314.233485,5.942856,0.889304,1.778165,0.95832,0.337498
in cutie\frunza sanatoasa dar galbena\spectru\850.txt,850.txt,in cutie,in cutie/frunza sanatoasa dar galbena,healthy_yellow,sample,850,850.0,2048,187.546,1034.421,-164.63,1216.65,330.846812,893.141,1216.65,ok,330.722991,1.155327,357.735529,2.76479,267.689024,1.816761,296.234554,-30.765174,446.138679,0.739717,307.103861,0.01117,1.66663,1.106637,0.407163,-16.934079
in cutie\frunza sanatoasa dar galbena\spectru\940.txt,940.txt,in cutie,in cutie/frunza sanatoasa dar galbena,healthy_yellow,sample,940,940.0,2048,187.546,1034.421,-143.04,1162.62,302.612007,893.141,1162.62,ok,307.939813,3.345321,254.949835,1.324447,322.038659,0.776648,296.244579,1.517834,273.653005,-1.285798,373.82311,-1.512751,0.849752,0.919904,-1.655574,1.95434
in cutie\frunza sanatoasa dar galbena\spectru\fara.txt,fara.txt,in cutie,in cutie/frunza sanatoasa dar galbena,healthy_yellow,sample,none,,2048,187.546,1034.421,-175.81,1263.44,397.110244,893.141,1263.44,ok,391.826355,0.028495,478.512753,0.134401,442.834268,0.048939,581.59854,0.355938,484.734896,0.595528,361.111582,0.738936,1.094619,1.313355,12.168782,7.273095
in cutie\Referinta alba\spectru\referinta alba fara filtru.txt,referinta alba fara filtru.txt,in cutie,in cutie/white_reference,white_reference,white_reference,none,,2048,187.546,1034.421,-155.02,1261.55,574.132739,893.141,1261.55,not_sample,757.233014,,792.276024,,1052.802683,,946.120965,,573.076943,,384.838177,,0.544335,0.898669,,
in cutie\Referinta alba\spectru\refirinta alba  556.txt,refirinta alba  556.txt,in cutie,in cutie/white_reference,white_reference,white_reference,556,556.0,2048,187.546,1034.421,-184.16,1171.91,336.002285,893.141,1171.91,not_sample,617.071542,,683.525529,,300.683293,,364.85245,,364.149611,,323.834531,,1.211074,1.213411,,
in cutie\Referinta alba\spectru\refirinta alba  680.txt,refirinta alba  680.txt,in cutie,in cutie/white_reference,white_reference,white_reference,680,680.0,2048,187.546,1034.421,-148.24,1122.13,333.10374,893.141,1122.13,not_sample,330.460724,,322.872094,,761.192439,,301.586436,,305.876036,,307.573405,,0.401838,0.396203,,
in cutie\Referinta alba\spectru\refirinta alba 532.txt,refirinta alba 532.txt,in cutie,in cutie/white_reference,white_reference,white_reference,532,532.0,2048,187.546,1034.421,-204.95,1125.91,312.642798,893.141,1125.91,not_sample,607.977103,,564.847247,,290.065488,,309.430619,,299.198653,,292.085389,,1.031487,1.066761,,
in cutie\Referinta alba\spectru\refirinta alba 725.txt,refirinta alba 725.txt,in cutie,in cutie/white_reference,white_reference,white_reference,725,725.0,2048,187.546,1034.421,-128.86,1043.2,324.680552,893.141,1043.2,not_sample,342.680187,,347.336188,,332.21561,,771.247748,,284.229275,,316.45681,,0.855557,2.321528,,
in cutie\Referinta alba\spectru\refirinta alba 850.txt,refirinta alba 850.txt,in cutie,in cutie/white_reference,white_reference,white_reference,850,850.0,2048,187.546,1034.421,-168.09,1127.49,316.727388,893.141,1127.49,not_sample,335.722921,,399.429882,,329.97,,353.551485,,484.08715,,359.879839,,1.467064,1.071466,,
in cutie\Referinta alba\spectru\refirinta alba 940.txt,refirinta alba 940.txt,in cutie,in cutie/white_reference,white_reference,white_reference,940,940.0,2048,187.546,1034.421,-133.12,1074.24,306.176245,893.141,1074.24,not_sample,358.697079,,297.662094,,296.240488,,311.142475,,301.914508,,337.703029,,1.019153,1.050304,,
in cutie\Refirinta neagra\referinta gri.txt,referinta gri.txt,in cutie,in cutie/dark_reference,dark_reference,dark_reference,,,2048,187.546,1034.421,-169.51,1098.34,347.392881,893.141,1098.34,not_sample,379.570537,,430.887341,,411.762439,,379.403119,,357.145104,,306.658097,,0.867357,0.921413,,
in cutie\Refirinta neagra\referinta neagra fara .txt,referinta neagra fara .txt,in cutie,in cutie/dark_reference,dark_reference,dark_reference,none,,2048,187.546,1034.421,-151.86,1143.71,327.826421,893.141,1143.71,not_sample,397.322009,,413.193247,,340.879268,,333.730495,,340.186606,,291.158713,,0.997968,0.979028,,
in cutie\Set frunze 1\frunza nesanatoasa\spectru\532.txt,532.txt,in cutie,in cutie/Set frunze 1/frunza nesanatoasa,unhealthy,sample,532,532.0,2048,187.546,1034.421,-153.91,1144.18,307.845161,893.141,1144.18,ok,373.696636,-0.025347,384.387129,-0.359982,323.524878,0.923831,335.198515,0.618005,311.195285,-0.507318,288.919544,0.632836,0.96189,1.036083,-0.549146,0.668959
in cutie\Set frunze 1\frunza nesanatoasa\spectru\556.txt,556.txt,in cutie,in cutie/Set frunze 1/frunza nesanatoasa,unhealthy,sample,556,556.0,2048,187.546,1034.421,-166.2,1144.5,316.669609,893.141,1144.5,ok,403.349907,0.114891,388.567176,-0.172203,326.262683,1.04733,317.75,-0.699313,275.572435,1.283018,323.095067,10.731378,0.844634,0.973908,1.225037,-0.66771
in cutie\Set frunze 1\frunza nesanatoasa\spectru\680.txt,680.txt,in cutie,in cutie/Set frunze 1/frunza nesanatoasa,unhealthy,sample,680,680.0,2048,187.546,1034.421,-182.27,1171.28,302.961548,893.141,1171.28,ok,307.426542,1.550464,358.318494,0.670841,346.619756,-0.201805,338.610495,0.45085,316.263394,1.647613,334.902654,0.719535,0.912422,0.976893,-8.164381,-2.234087
in cutie\Set frunze 1\frunza nesanatoasa\spectru\725.txt,725.txt,in cutie,in cutie/Set frunze 1/frunza nesanatoasa,unhealthy,sample,725,725.0,2048,187.546,1034.421,-205.43,1211.14,326.418535,893.141,1211.14,ok,321.570187,1.608877,264.189341,1.987597,331.70378,1.022841,584.327401,0.517193,343.66829,0.171255,274.16008,1.057443,1.03607,1.761594,0.167431,0.505644
in cutie\Set frunze 1\frunza nesanatoasa\spectru\850.txt,850.txt,in cutie,in cutie/Set frunze 1/frunza nesanatoasa,unhealthy,sample,850,850.0,2048,187.546,1034.421,-161.47,1204.68,325.478188,893.141,1204.68,ok,336.991262,4.218005,280.051718,5.555826,344.637561,0.432916,311.988045,-23.61638,463.387927,0.788622,346.740912,0.761914,1.344566,0.905264,1.821651,-54.551876
in cutie\Set frunze 1\frunza nesanatoasa\spectru\950.txt,950.txt,in cutie,in cutie/Set frunze 1/frunza nesanatoasa,unhealthy,sample,950,950.0,2048,187.546,1034.421,-132.8,1195.54,312.668301,893.141,1195.54,ok,314.355911,-0.179094,291.148071,-0.388036,305.534146,-0.162748,283.32703,-0.174512,323.183187,-0.270156,299.084772,-0.210071,1.057765,0.927317,1.659965,1.072284
in cutie\Set frunze 1\frunza nesanatoasa\spectru\fara filtru.txt,fara filtru.txt,in cutie,in cutie/Set frunze 1/frunza nesanatoasa,unhealthy,sample,none,,2048,187.546,1034.421,-163.21,1238.23,390.953828,893.141,1238.23,ok,373.07264,-0.022744,443.828282,0.036424,326.218171,-0.131927,631.721609,0.447425,478.606425,0.613277,353.057346,0.479092,1.467136,1.9365,-4.648609,-3.391459
in cutie\Set frunze 1\frunza verde\spectru\532.txt,532.txt,in cutie,in cutie/Set frunze 1/frunza verde,healthy,sample,532,532.0,2048,187.546,1034.421,-139.26,1133.63,309.783535,893.141,1133.63,ok,368.383621,-0.048767,394.970282,-0.290825,283.028049,2.389679,344.16604,0.492592,365.11114,0.830798,303.342118,0.115091,1.290018,1.216014,0.347661,0.206133
in cutie\Set frunze 1\frunza verde\spectru\556.txt,556.txt,in cutie,in cutie/Set frunze 1/frunza verde,healthy,sample,556,556.0,2048,187.546,1034.421,-143.99,1098.66,324.265933,893.141,1098.66,ok,392.996893,0.065627,449.214965,0.07255,330.066463,0.705228,346.172946,0.527023,355.259223,1.592055,337.518794,76.965763,1.076326,1.048798,2.257504,0.747309
in cutie\Set frunze 1\frunza verde\spectru\680.txt,680.txt,in cutie,in cutie/Set frunze 1/frunza verde,healthy,sample,680,680.0,2048,187.546,1034.421,-164.15,1154.11,297.050181,893.141,1154.11,ok,285.822991,2.020769,309.244188,1.124188,351.338659,-0.181879,306.007871,0.754296,266.042668,4.732502,330.481287,2.476274,0.757226,0.870977,-26.020057,-4.147241
in cutie\Set frunze 1\frunza verde\spectru\725.txt,725.txt,in cutie,in cutie/Set frunze 1/frunza verde,healthy,sample,725,725.0,2048,187.546,1034.421,-153.28,1205.31,322.653521,893.141,1205.31,ok,318.166893,1.679649,288.057906,1.702039,302.358171,1.267501,533.024579,0.416347,278.557332,1.053293,337.060161,15.730824,0.921283,1.762891,0.831,0.328479
in cutie\Set frunze 1\frunza verde\spectru\850.txt,850.txt,in cutie,in cutie/Set frunze 1/frunza verde,healthy,sample,850,850.0,2048,187.546,1034.421,-184.95,1153.48,326.007158,893.141,1153.48,ok,325.823271,2.188611,341.482376,3.260065,309.425976,0.217308,322.21396,-11.170601,462.57886,0.834519,362.468177,1.057024,1.494958,1.041328,3.840259,-51.404463
in cutie\Set frunze 1\frunza verde\spectru\940.txt,940.txt,in cutie,in cutie/Set frunze 1/frunza verde,healthy,sample,940,940.0,2048,187.546,1034.421,-166.99,1151.27,304.773218,893.141,1151.27,ok,320.186542,2.752933,335.842588,0.714037,330.699146,0.663183,326.335421,0.575603,322.396969,-0.483406,304.886971,4.069505,0.974895,0.986805,-0.728918,0.86794
in cutie\Set frunze 1\frunza verde\spectru\fara filtru.txt,fara filtru.txt,in cutie,in cutie/Set frunze 1/frunza verde,healthy,sample,none,,2048,187.546,1034.421,-173.45,1243.12,395.920176,893.141,1243.12,ok,425.85264,0.11748,400.429129,-0.087905,312.995122,-0.154735,669.612129,0.515777,507.670933,0.686903,359.860536,0.588542,1.621977,2.139369,-4.439222,-3.333292
in cutie\Set frunze 2\nesanatoasa\spectru\532.txt,532.txt,in cutie,in cutie/Set frunze 2/nesanatoasa,unhealthy,sample,532,532.0,2048,187.546,1034.421,-148.08,1160.1,317.127461,893.141,1160.1,ok,410.570981,0.135463,442.097624,0.077773,318.379512,1.441479,292.901485,1.219715,356.446036,1.393586,316.606354,0.021319,1.119563,0.919976,0.966775,0.846155
in cutie\Set frunze 2\nesanatoasa\spectru\556.txt,556.txt,in cutie,in cutie/Set frunze 2/nesanatoasa,unhealthy,sample,556,556.0,2048,187.546,1034.421,-160.37,1208.3,313.717129,893.141,1208.3,ok,398.284182,0.072675,519.390659,0.352885,312.024878,1.197118,338.653589,-0.82872,325.945104,0.194233,347.920751,71.385437,1.044613,1.085342,0.162251,-0.692263
in cutie\Set frunze 2\nesanatoasa\spectru\580.txt,580.txt,in cutie,in cutie/Set frunze 2/nesanatoasa,unhealthy,sample,580,580.0,2048,187.546,1034.421,-152.65,1205.94,315.317085,893.141,1205.94,ok,311.439369,-0.186135,353.482659,-0.217094,325.551098,-0.133566,316.463441,-0.119183,460.198316,0.604964,282.128633,-0.358502,1.413598,0.972085,-4.529326,0.892315
in cutie\Set frunze 2\nesanatoasa\spectru\680.txt,680.txt,in cutie,in cutie/Set frunze 2/nesanatoasa,unhealthy,sample,680,680.0,2048,187.546,1034.421,-162.42,1150.8,318.534297,893.141,1150.8,ok,308.620631,1.462597,360.810494,0.651715,505.007561,0.262784,334.320619,0.791823,318.318497,2.356873,307.843324,-0.301953,0.630324,0.662011,8.96886,3.013209
in cutie\Set frunze 2\nesanatoasa\spectru\725.txt,725.txt,in cutie,in cutie/Set frunze 2/nesanatoasa,unhealthy,sample,725,725.0,2048,187.546,1034.421,-162.26,1166.08,317.430186,893.141,1166.08,ok,288.413645,2.601783,308.668282,1.479219,279.02439,1.631543,560.363317,0.430824,276.556813,1.11015,326.392198,7.399321,0.991156,2.008295,0.68043,0.264059
in cutie\Set frunze 2\nesanatoasa\spectru\940.txt,940.txt,in cutie,in cutie/Set frunze 2/nesanatoasa,unhealthy,sample,940,940.0,2048,187.546,1034.421,-173.13,1233.35,302.039673,893.141,1233.35,ok,323.328995,2.199793,312.344588,0.893117,307.869756,0.873213,309.29802,1.125122,319.835855,-0.40671,340.842574,-4.584787,1.038867,1.004639,-0.465763,1.288485
in cutie\Set frunze 2\nesanatoasa\spectru\fara filtru.txt,fara filtru.txt,in cutie,in cutie/Set frunze 2/nesanatoasa,unhealthy,sample,none,,2048,187.546,1034.421,-140.99,1361.27,454.144541,893.141,1361.27,ok,475.433995,0.255393,526.538282,0.266098,645.765976,0.367445,672.775272,0.506951,495.476632,0.779637,369.551743,0.751264,0.76727,1.041825,2.121779,1.379665
in cutie\Set frunze 2\sanatoasa\spectru\532.txt,532.txt,in cutie,in cutie/Set frunze 2/sanatoasa,healthy,sample,532,532.0,2048,187.546,1034.421,-168.09,1205.62,314.468945,893.141,1205.62,ok,354.56764,-0.10984,302.870118,-1.014024,338.204024,0.531233,331.97802,0.664662,338.414171,0.380946,317.141367,0.88936,1.000621,0.981591,0.717098,1.251169
in cutie\Set frunze 2\sanatoasa\spectru\556.txt,556.txt,in cutie,in cutie/Set frunze 2/sanatoasa,healthy,sample,556,556.0,2048,187.546,1034.421,-172.97,1215.86,327.393203,893.141,1215.86,ok,353.120257,-0.106751,410.328776,-0.082182,285.188171,1.235515,336.061485,-0.096822,328.208705,0.299502,336.822869,33.19367,1.15085,1.178385,0.242411,-0.078366
in cutie\Set frunze 2\sanatoasa\spectru\680.txt,680.txt,in cutie,in cutie/Set frunze 2/sanatoasa,healthy,sample,680,680.0,2048,187.546,1034.421,-151.71,1216.97,319.9977,893.141,1216.97,ok,297.357173,1.708906,303.4164,1.181446,267.173049,-0.441939,374.09198,-0.21705,305.845285,1.665571,319.598418,4.921268,1.144746,1.400186,-3.76878,0.491131
in cutie\Set frunze 2\sanatoasa\spectru\725.txt,725.txt,in cutie,in cutie/Set frunze 2/sanatoasa,healthy,sample,725,725.0,2048,187.546,1034.421,-143.04,1167.66,314.88499,893.141,1167.66,ok,335.451449,1.501121,342.456847,1.073939,319.510732,1.177919,550.238515,0.448539,330.022254,0.366425,344.031287,12.959618,1.032899,1.722128,0.311078,0.380789
in cutie\Set frunze 2\sanatoasa\spectru\850.txt,850.txt,in cutie,in cutie/Set frunze 2/sanatoasa,healthy,sample,850,850.0,2048,187.546,1034.421,-152.34,1145.76,301.981836,893.141,1145.76,ok,308.025561,1.301784,301.423365,4.77723,317.872927,0.270788,303.89,-22.773079,425.658679,0.566294,272.664853,-0.614532,1.339084,0.956011,2.091282,-84.099292
in cutie\Set frunze 2\sanatoasa\spectru\940.txt,940.txt,in cutie,in cutie/Set frunze 2/sanatoasa,healthy,sample,940,940.0,2048,187.546,1034.421,-174.71,1221.69,319.267959,893.141,1221.69,ok,325.076542,2.503332,317.361435,0.853718,346.714024,0.51605,349.929035,0.384664,327.28171,-0.336052,339.077882,-2.515384,0.943953,1.009273,-0.6512,0.745401
in cutie\Set frunze 2\sanatoasa\spectru\fara filtru.txt,fara filtru.txt,in cutie,in cutie/Set frunze 2/sanatoasa,healthy,sample,none,,2048,187.546,1034.421,-210.94,1238.39,374.356255,893.141,1238.39,ok,377.663902,-0.004889,353.355741,-0.217544,291.115122,-0.184364,538.836436,0.275939,486.340751,0.610824,345.462654,0.337323,1.670613,1.850939,-3.313141,-1.496708
in cutie\spectru sursa.txt,spectru sursa.txt,in cutie,in cutie/source_light,source_light,source_light,,,2048,187.546,1034.421,-123.51,46325.68,15181.33019,611.727,46325.68,not_sample,29360.09764,,34855.858824,,37786.770732,,31735.504851,,12649.169249,,2935.267426,,0.334751,0.839858,,
