sample_id,condition,filter_nm,camera_leaf_brightness_median_0_1,camera_leaf_brightness_mean_0_1,camera_leaf_brightness_median_0_255,camera_white_normalized_median,camera_white_normalized_mean,spectrometer_10nm_bin_start_nm,spectrometer_10nm_bin_end_nm,spectrometer_10nm_median_intensity,spectrometer_10nm_mean_intensity,matched,camera_raw_shape_0_1,camera_white_shape_0_1,spectrometer_shape_0_1,abs_difference_white_camera_vs_spectrometer_shape
in cutie\Set frunze 1\frunza nesanatoasa,unhealthy,532,0.376471,0.374103,96.0,0.680852,0.634897,530.0,540.0,375.41,381.655217,True,0.432433,0.392564,0.678529,0.285966
in cutie\Set frunze 1\frunza nesanatoasa,unhealthy,556,0.372549,0.370481,95.0,0.719697,0.721057,550.0,560.0,400.93,405.024583,True,0.427928,0.414961,0.724655,0.309695
in cutie\Set frunze 1\frunza nesanatoasa,unhealthy,680,0.329412,0.334122,84.0,0.545455,0.553672,680.0,690.0,359.65,355.7216,True,0.378379,0.314497,0.650044,0.335548
in cutie\Set frunze 1\frunza nesanatoasa,unhealthy,725,0.72549,0.722529,185.0,1.258502,1.302307,720.0,730.0,553.27,552.6624,True,0.833333,0.725623,1.0,0.274377
in cutie\Set frunze 1\frunza nesanatoasa,unhealthy,850,0.870588,0.862049,222.0,1.734374,1.781225,850.0,860.0,428.34,430.764231,True,1.0,1.0,0.774197,0.225803
in cutie\Set frunze 1\frunza nesanatoasa,unhealthy,940,0.564706,0.557726,144.0,1.142857,1.086249,940.0,950.0,325.94,327.994074,True,0.648649,0.658945,0.589116,0.069829
in cutie\Set frunze 1\frunza verde,healthy,532,0.196078,0.193467,50.0,0.354609,0.328336,530.0,540.0,405.18,408.141739,True,0.243902,0.221414,0.717031,0.495617
in cutie\Set frunze 1\frunza verde,healthy,556,0.2,0.199073,51.0,0.386364,0.38745,550.0,560.0,443.31,444.986667,True,0.24878,0.241242,0.784508,0.543267
in cutie\Set frunze 1\frunza verde,healthy,680,0.270588,0.275551,69.0,0.448051,0.456614,680.0,690.0,342.48,345.5076,True,0.336585,0.279759,0.606073,0.326315
in cutie\Set frunze 1\frunza verde,healthy,725,0.682353,0.685379,174.0,1.183673,1.235347,720.0,730.0,565.08,569.518,True,0.84878,0.739074,1.0,0.260926
in cutie\Set frunze 1\frunza verde,healthy,850,0.803922,0.805702,205.0,1.601563,1.664797,850.0,860.0,440.155,450.431538,True,1.0,1.0,0.778925,0.221075
in cutie\Set frunze 1\frunza verde,healthy,940,0.513726,0.517437,131.0,1.039683,1.007781,940.0,950.0,322.0,329.378519,True,0.639025,0.649168,0.569831,0.079337
in cutie\Set frunze 2\nesanatoasa,unhealthy,532,0.207843,0.179934,53.0,0.375886,0.305369,530.0,540.0,446.77,440.635652,True,0.339743,0.308419,0.833619,0.5252
in cutie\Set frunze 2\nesanatoasa,unhealthy,556,0.196078,0.176179,50.0,0.378787,0.342892,550.0,560.0,479.855,477.229167,True,0.320512,0.3108,0.895352,0.584553
in cutie\Set frunze 2\nesanatoasa,unhealthy,680,0.54902,0.522524,140.0,0.909091,0.865871,680.0,690.0,525.7,528.3192,True,0.897436,0.745921,0.980893,0.234973
in cutie\Set frunze 2\nesanatoasa,unhealthy,725,0.372549,0.404367,95.0,0.646258,0.728843,720.0,730.0,535.94,535.5344,True,0.608974,0.530263,1.0,0.469737
in cutie\Set frunze 2\nesanatoasa,unhealthy,850,0.611765,0.597291,156.0,1.21875,1.234164,850.0,860.0,428.34,430.764231,True,1.0,1.0,0.799231,0.200769
in cutie\Set frunze 2\nesanatoasa,unhealthy,940,0.360784,0.340501,92.0,0.730158,0.663173,940.0,950.0,330.98,328.08963,True,0.589743,0.599104,0.617569,0.018465
in cutie\Set frunze 2\sanatoasa,healthy,532,0.305882,0.326366,78.0,0.553191,0.553882,530.0,540.0,368.79,358.92913,True,0.340611,0.309207,0.727009,0.417802
in cutie\Set frunze 2\sanatoasa,healthy,556,0.309804,0.32789,79.0,0.598485,0.638163,550.0,560.0,376.51,382.917917,True,0.344978,0.334525,0.742228,0.407703
in cutie\Set frunze 2\sanatoasa,healthy,680,0.156863,0.198127,40.0,0.25974,0.328315,680.0,690.0,334.76,336.68,True,0.174673,0.145182,0.659925,0.514742
in cutie\Set frunze 2\sanatoasa,healthy,725,0.67451,0.679433,172.0,1.170068,1.224629,720.0,730.0,507.27,503.838,True,0.751092,0.654012,1.0,0.345988
in cutie\Set frunze 2\sanatoasa,healthy,850,0.898039,0.89978,229.0,1.789061,1.859188,850.0,860.0,407.23,407.424615,True,1.0,1.0,0.802787,0.197213
in cutie\Set frunze 2\sanatoasa,healthy,940,0.533333,0.50852,136.0,1.079364,0.990414,940.0,950.0,344.53,341.824444,True,0.593886,0.603313,0.679185,0.075872
in cutie\frunza sanatoasa dar galbena,healthy_yellow,532,0.254902,0.253627,65.0,0.460993,0.430435,530.0,540.0,416.21,410.511304,True,0.333333,0.302601,0.762485,0.459884
in cutie\frunza sanatoasa dar galbena,healthy_yellow,556,0.301961,0.300942,77.0,0.583334,0.585715,550.0,560.0,429.29,438.107083,True,0.394872,0.382907,0.786447,0.403541
in cutie\frunza sanatoasa dar galbena,healthy_yellow,680,0.431373,0.397517,110.0,0.714286,0.658723,680.0,690.0,386.75,395.2212,True,0.564103,0.468865,0.708515,0.23965
in cutie\frunza sanatoasa dar galbena,healthy_yellow,725,0.588235,0.504424,150.0,1.020407,0.909188,720.0,730.0,545.86,541.1236,True,0.76923,0.669806,1.0,0.330194
in cutie\frunza sanatoasa dar galbena,healthy_yellow,850,0.764706,0.754842,195.0,1.523437,1.559707,850.0,860.0,420.15,413.362308,True,1.0,1.0,0.769703,0.230297
in cutie\frunza sanatoasa dar galbena,healthy_yellow,940,0.415686,0.364593,106.0,0.841269,0.710096,940.0,950.0,330.83,324.851111,True,0.543589,0.552218,0.606071,0.053853
