condition,filter_label,outside_sample,inside_sample,outside_file,inside_file,shape_similarity_pearson_r,normalized_shape_rmse,outside_full_area,inside_full_area,outside_to_inside_area_ratio,outside_peak,inside_peak,outside_to_inside_peak_ratio,outside_centroid_nm,inside_centroid_nm,centroid_shift_outside_minus_inside_nm
unhealthy,532,afara/fr1/nesan,in cutie/Set frunze 1/frunza nesanatoasa,afara\fr1\nesan\532.txt,in cutie\Set frunze 1\frunza nesanatoasa\spectru\532.txt,0.532888,0.966552,12983935.571579,89659.998541,144.813025,20013.229897,190.917051,104.826834,650.2263,606.542789,43.683511
unhealthy,532,afara/fr1/nesan,in cutie/Set frunze 2/nesanatoasa,afara\fr1\nesan\532.txt,in cutie\Set frunze 2\nesanatoasa\spectru\532.txt,0.468758,1.030768,12983935.571579,105489.624308,123.082584,20013.229897,212.929511,93.98993,650.2263,606.936446,43.289854
unhealthy,556,afara/fr1/nesan,in cutie/Set frunze 1/frunza nesanatoasa,afara\fr1\nesan\556.txt,in cutie\Set frunze 1\frunza nesanatoasa\spectru\556.txt,0.448202,1.050522,11617962.336902,92654.599612,125.390023,17997.821792,189.27325,95.089094,652.704069,607.896499,44.80757
unhealthy,556,afara/fr1/nesan,in cutie/Set frunze 2/nesanatoasa,afara\fr1\nesan\556.txt,in cutie\Set frunze 2\nesanatoasa\spectru\556.txt,0.354514,1.13621,11617962.336902,97161.357821,119.573898,17997.821792,214.170797,84.034901,652.704069,610.597089,42.10698
unhealthy,680,afara/fr1/nesan,in cutie/Set frunze 1/frunza nesanatoasa,afara\fr1\nesan\680.txt,in cutie\Set frunze 1\frunza nesanatoasa\spectru\680.txt,0.394329,1.10061,13485079.884473,82852.935223,162.759229,37844.722428,191.733129,197.382281,654.969693,611.16319,43.806503
unhealthy,680,afara/fr1/nesan,in cutie/Set frunze 2/nesanatoasa,afara\fr1\nesan\680.txt,in cutie\Set frunze 2\nesanatoasa\spectru\680.txt,0.676844,0.803935,13485079.884473,101321.070037,133.092553,37844.722428,278.267278,136.001339,654.969693,620.073537,34.896156
unhealthy,725,afara/fr1/nesan,in cutie/Set frunze 1/frunza nesanatoasa,afara\fr1\nesan\725.txt,in cutie\Set frunze 1\frunza nesanatoasa\spectru\725.txt,0.641247,0.847057,13205208.115165,99760.325506,132.369337,30786.118372,302.493941,101.774331,655.686494,622.20568,33.480814
unhealthy,725,afara/fr1/nesan,in cutie/Set frunze 2/nesanatoasa,afara\fr1\nesan\725.txt,in cutie\Set frunze 2\nesanatoasa\spectru\725.txt,0.658604,0.826313,13205208.115165,92803.268359,142.29249,30786.118372,279.879824,109.997634,655.686494,621.484503,34.201991
unhealthy,850,afara/fr1/nesan,in cutie/Set frunze 1/frunza nesanatoasa,afara\fr1\nesan\850.txt,in cutie\Set frunze 1\frunza nesanatoasa\spectru\850.txt,0.621478,0.870083,12591859.118153,94708.717995,132.953538,21481.622158,276.685821,77.639042,655.515204,634.603367,20.911836
unhealthy,940/950,afara/fr1/nesan,in cutie/Set frunze 1/frunza nesanatoasa,afara\fr1\nesan\940.txt,in cutie\Set frunze 1\frunza nesanatoasa\spectru\950.txt,0.572029,0.925172,12763006.610111,92650.650037,137.754097,22074.878239,215.193248,102.581649,653.768319,618.398423,35.369896
unhealthy,940,afara/fr1/nesan,in cutie/Set frunze 2/nesanatoasa,afara\fr1\nesan\940.txt,in cutie\Set frunze 2\nesanatoasa\spectru\940.txt,0.575486,0.921427,12763006.610111,83571.525265,152.719561,22074.878239,196.394424,112.400739,653.768319,615.999139,37.76918
unhealthy,none,afara/fr1/nesan,in cutie/Set frunze 1/frunza nesanatoasa,afara\fr1\nesan\fara.txt,in cutie\Set frunze 1\frunza nesanatoasa\spectru\fara filtru.txt,-0.301753,1.613538,6557632.451745,102501.998511,63.975655,36913.251886,317.4186,116.292026,603.689435,692.361371,-88.671936
unhealthy,none,afara/fr1/nesan,in cutie/Set frunze 2/nesanatoasa,afara\fr1\nesan\fara.txt,in cutie\Set frunze 2\nesanatoasa\spectru\fara filtru.txt,0.324218,1.162568,6557632.451745,88571.751339,74.037516,36913.251886,281.161225,131.288559,603.689435,708.801218,-105.111783
healthy,532,afara/fr1/san,in cutie/Set frunze 1/frunza verde,afara\fr1\san\532.txt,in cutie\Set frunze 1\frunza verde\spectru\532.txt,0.573959,0.923083,13142842.545196,93278.931738,140.898296,23728.465262,207.357281,114.432756,647.53336,609.516937,38.016423
healthy,532,afara/fr1/san,in cutie/Set frunze 2/sanatoasa,afara\fr1\san\532.txt,in cutie\Set frunze 2\sanatoasa\spectru\532.txt,0.51793,0.981906,13142842.545196,94189.64227,139.535964,23728.465262,203.079844,116.843035,647.53336,609.585589,37.94777
healthy,556,afara/fr1/san,in cutie/Set frunze 1/frunza verde,afara\fr1\san\556.txt,in cutie\Set frunze 1\frunza verde\spectru\556.txt,-0.324827,1.627776,6503644.119903,91653.416311,70.959102,48487.989773,192.040297,252.488621,627.097309,603.832507,23.264802
healthy,556,afara/fr1/san,in cutie/Set frunze 2/sanatoasa,afara\fr1\san\556.txt,in cutie\Set frunze 2\sanatoasa\spectru\556.txt,-0.459761,1.708661,6503644.119903,90401.958464,71.941407,48487.989773,199.592157,242.935347,627.097309,609.873719,17.22359
healthy,680,afara/fr1/san,in cutie/Set frunze 1/frunza verde,afara\fr1\san\680.txt,in cutie\Set frunze 1\frunza verde\spectru\680.txt,0.451547,1.047333,12949330.115092,93534.683654,138.444154,26064.565514,194.287792,134.154417,654.785706,611.381733,43.403973
healthy,680,afara/fr1/san,in cutie/Set frunze 2/sanatoasa,afara\fr1\san\680.txt,in cutie\Set frunze 2\sanatoasa\spectru\680.txt,0.40202,1.0936,12949330.115092,88554.997109,146.229242,26064.565514,197.753649,131.803209,654.785706,611.97272,42.812987
healthy,725,afara/fr1/san,in cutie/Set frunze 1/frunza verde,afara\fr1\san\725.txt,in cutie\Set frunze 1\frunza verde\spectru\725.txt,0.683784,0.795256,14522985.245244,99343.087421,146.190194,74328.834585,314.137196,236.61265,662.359022,620.771772,41.587251
healthy,725,afara/fr1/san,in cutie/Set frunze 2/sanatoasa,afara\fr1\san\725.txt,in cutie\Set frunze 2\sanatoasa\spectru\725.txt,0.553746,0.944726,14522985.245244,91939.22153,157.962891,74328.834585,258.647506,287.375029,662.359022,612.974972,49.384051
healthy,850,afara/fr1/san,in cutie/Set frunze 1/frunza verde,afara\fr1\san\850.txt,in cutie\Set frunze 1\frunza verde\spectru\850.txt,0.669762,0.812697,13348947.267492,98324.534627,135.764154,32247.262126,280.237491,115.071192,661.129739,626.443964,34.685774
healthy,850,afara/fr1/san,in cutie/Set frunze 2/sanatoasa,afara\fr1\san\850.txt,in cutie\Set frunze 2\sanatoasa\spectru\850.txt,0.66366,0.820171,13348947.267492,94123.415738,141.823872,32247.262126,287.731445,112.074167,661.129739,623.008495,38.121244
healthy,940,afara/fr1/san,in cutie/Set frunze 1/frunza verde,afara\fr1\san\940.txt,in cutie\Set frunze 1\frunza verde\spectru\940.txt,0.580197,0.9163,12948814.614083,89498.036342,144.682667,22164.268106,220.476535,100.528921,654.357694,617.061301,37.296393
healthy,940,afara/fr1/san,in cutie/Set frunze 2/sanatoasa,afara\fr1\san\940.txt,in cutie\Set frunze 2\sanatoasa\spectru\940.txt,0.564121,0.93368,12948814.614083,90498.538574,143.083135,22164.268106,228.111139,97.164339,654.357694,618.503471,35.854223
healthy,none,afara/fr1/san,in cutie/Set frunze 1/frunza verde,afara\fr1\san\fara.txt,in cutie\Set frunze 1\frunza verde\spectru\fara filtru.txt,0.864859,0.519887,13143063.177237,118363.830782,111.039522,48977.682453,410.750632,119.239457,683.441189,696.197448,-12.756258
healthy,none,afara/fr1/san,in cutie/Set frunze 2/sanatoasa,afara\fr1\san\fara.txt,in cutie\Set frunze 2\sanatoasa\spectru\fara filtru.txt,0.684565,0.794273,13143063.177237,122852.831835,106.982175,48977.682453,357.970951,136.820271,683.441189,682.184099,1.25709
