sample_id,sample_role,condition,image_file,relative_path,filter_label,filter_nm,width_px,height_px,file_size_bytes,mask_method,mask_pixels,mask_area_fraction,matched_spectrum_file,spectrometer_window_median_at_filter,current_white_reference_value_mean,current_white_reference_value_median,current_dark_reference_value_mean,current_dark_reference_value_median,current_white_normalized_value_mean,current_white_normalized_value_median,current_dark_white_reflectance_mean,mask_bbox_x,mask_bbox_y,mask_bbox_width,mask_bbox_height,mask_centroid_x,mask_centroid_y,r_0_1_mean,r_0_1_median,r_0_1_std,r_0_1_p05,r_0_1_p25,r_0_1_p75,r_0_1_p95,r_0_1_min,r_0_1_max,g_0_1_mean,g_0_1_median,g_0_1_std,g_0_1_p05,g_0_1_p25,g_0_1_p75,g_0_1_p95,g_0_1_min,g_0_1_max,b_0_1_mean,b_0_1_median,b_0_1_std,b_0_1_p05,b_0_1_p25,b_0_1_p75,b_0_1_p95,b_0_1_min,b_0_1_max,r_0_255_mean,r_0_255_median,r_0_255_std,r_0_255_p05,r_0_255_p25,r_0_255_p75,r_0_255_p95,r_0_255_min,r_0_255_max,g_0_255_mean,g_0_255_median,g_0_255_std,g_0_255_p05,g_0_255_p25,g_0_255_p75,g_0_255_p95,g_0_255_min,g_0_255_max,b_0_255_mean,b_0_255_median,b_0_255_std,b_0_255_p05,b_0_255_p25,b_0_255_p75,b_0_255_p95,b_0_255_min,b_0_255_max,value_0_1_mean,value_0_1_median,value_0_1_std,value_0_1_p05,value_0_1_p25,value_0_1_p75,value_0_1_p95,value_0_1_min,value_0_1_max,value_0_255_mean,value_0_255_median,value_0_255_std,value_0_255_p05,value_0_255_p25,value_0_255_p75,value_0_255_p95,value_0_255_min,value_0_255_max,luminance_0_1_mean,luminance_0_1_median,luminance_0_1_std,luminance_0_1_p05,luminance_0_1_p25,luminance_0_1_p75,luminance_0_1_p95,luminance_0_1_min,luminance_0_1_max,saturation_mean,saturation_median,saturation_std,saturation_p05,saturation_p25,saturation_p75,saturation_p95,saturation_min,saturation_max,gcc_mean,gcc_median,gcc_std,gcc_p05,gcc_p25,gcc_p75,gcc_p95,gcc_min,gcc_max,exg_mean,exg_median,exg_std,exg_p05,exg_p25,exg_p75,exg_p95,exg_min,exg_max,vari_mean,vari_median,vari_std,vari_p05,vari_p25,vari_p75,vari_p95,vari_min,vari_max,red_green_ratio_mean,red_green_ratio_median,red_green_ratio_std,red_green_ratio_p05,red_green_ratio_p25,red_green_ratio_p75,red_green_ratio_p95,red_green_ratio_min,red_green_ratio_max,blue_green_ratio_mean,blue_green_ratio_median,blue_green_ratio_std,blue_green_ratio_p05,blue_green_ratio_p25,blue_green_ratio_p75,blue_green_ratio_p95,blue_green_ratio_min,blue_green_ratio_max,app_calibration_white_reference_brightness,app_calibration_white_normalized_camera,app_calibration_source_curve_compensated_camera,app_calibration_source_curve_compensation_multiplier_vs_850,app_calibration_source_curve_reliability_weight,app_calibration_source_curve_status,app_calibration_spectrometer_target_reliability,app_calibration_dark_white_reflectance_proxy,app_calibration_dark_white_status,app_calibration_best_spectrometer_window_intensity,app_calibration_best_spectrometer_model,app_calibration_single_band_leave_one_leaf_out_rmse
in cutie\frunza sanatoasa dar galbena,leaf_sample,healthy_yellow,532.jpg,in cutie\frunza sanatoasa dar galbena\camera\532.jpg,532,532,1920,1080,291503,filtered_camera_foreground,111433,0.053739,in cutie\frunza sanatoasa dar galbena\spectru\532.txt,388.48,0.589234,0.552941,0.501995,0.52549,0.430435,0.460993,-2.846984,678,375,501,300,925.4,527.67,0.022065,0.011765,0.024743,0.0,0.0,0.035294,0.070588,0.0,0.188235,0.253627,0.254902,0.114051,0.078431,0.160784,0.341176,0.435294,0.043137,0.596078,0.067015,0.062745,0.046595,0.003922,0.027451,0.098039,0.14902,0.0,0.321569,5.626511,3.0,6.309567,0.0,0.0,9.0,18.0,0.0,48.0,64.674899,65.0,29.083044,20.0,41.0,87.0,111.0,11.0,152.0,17.088879,16.0,11.881835,1.0,7.0,25.0,38.0,0.0,82.0,0.253627,0.254902,0.114051,0.078431,0.160784,0.341176,0.435294,0.043137,0.596078,64.674899,65.0,29.083044,20.0,41.0,87.0,111.0,11.0,152.0,0.190924,0.189337,0.08881,0.058359,0.116965,0.259158,0.333991,0.030852,0.487003,0.931664,0.941176,0.062385,0.818182,0.887755,1.0,1.0,0.571428,1.0,0.776755,0.763158,0.092509,0.649123,0.708333,0.831325,0.961538,0.486956,1.0,0.418174,0.435294,0.169302,0.14902,0.282353,0.54902,0.670588,0.078431,0.823529,1.130684,1.117647,0.153546,0.910891,1.022989,1.218182,1.388889,0.619048,4.499997,0.069183,0.06,0.062284,0.0,0.0,0.112676,0.181818,0.0,0.428571,0.235849,0.25,0.105886,0.029412,0.173077,0.31,0.390805,0.0,0.809524,0.777582,0.326174,0.137574,0.421782,1.0,usable,normal,,"paired leaf brightness is mostly below the dark reference, so subtracting this dark frame would create non-physical negative reflectance",396.252133,multiband_ridge,29.840095
in cutie\frunza sanatoasa dar galbena,leaf_sample,healthy_yellow,556.jpg,in cutie\frunza sanatoasa dar galbena\camera\556.jpg,556,556,1920,1080,298577,filtered_camera_foreground,111433,0.053739,in cutie\frunza sanatoasa dar galbena\spectru\556.txt,440.63,0.513803,0.517647,0.501995,0.52549,0.585715,0.583334,-17.026846,678,375,501,300,925.4,527.67,0.089244,0.086275,0.048176,0.019608,0.05098,0.121569,0.176471,0.0,0.313726,0.300942,0.301961,0.101692,0.137255,0.219608,0.380392,0.462745,0.054902,0.627451,0.089518,0.082353,0.051289,0.015686,0.05098,0.12549,0.180392,0.0,0.356863,22.757244,22.0,12.28481,5.0,13.0,31.0,45.0,0.0,80.0,76.740265,77.0,25.931571,35.0,56.0,97.0,118.0,14.0,160.0,22.827089,21.0,13.078695,4.0,13.0,32.0,46.0,0.0,91.0,0.300942,0.301961,0.101692,0.137255,0.219608,0.380392,0.462745,0.054902,0.627451,76.740265,77.0,25.931571,35.0,56.0,97.0,118.0,14.0,160.0,0.24067,0.238609,0.085205,0.1049,0.171567,0.306937,0.377796,0.039266,0.541216,0.760525,0.75,0.094003,0.625,0.693182,0.818182,0.941176,0.343284,1.0,0.649878,0.634409,0.078994,0.553719,0.595745,0.685315,0.803279,0.403226,1.0,0.423122,0.427451,0.121907,0.219608,0.329412,0.52549,0.603922,0.090196,0.705882,0.7297,0.708333,0.151844,0.522388,0.626866,0.81,1.0,0.027778,3.0,0.280891,0.289855,0.095208,0.106383,0.225806,0.345455,0.419753,0.0,0.96,0.278236,0.288136,0.103706,0.085714,0.215517,0.350877,0.432099,0.0,0.727273,0.413677,0.727481,0.256577,0.352692,1.0,usable,normal,,dark/white denominator is not positive enough for this filter (camera auto-exposure or missing per-filter dark frame),444.120237,multiband_ridge,30.926715
in cutie\frunza sanatoasa dar galbena,leaf_sample,healthy_yellow,680.jpg,in cutie\frunza sanatoasa dar galbena\camera\680.jpg,680,680,1920,1080,332784,filtered_camera_foreground,111433,0.053739,in cutie\frunza sanatoasa dar galbena\spectru\680.txt,379.19,0.603466,0.603922,0.501995,0.52549,0.658723,0.714286,-1.029634,678,375,501,300,925.4,527.67,0.397517,0.431373,0.179829,0.078431,0.266667,0.529412,0.658824,0.023529,0.87451,0.166014,0.176471,0.105153,0.003922,0.07451,0.243137,0.337255,0.0,0.545098,0.138016,0.141176,0.092415,0.0,0.058824,0.203922,0.294118,0.0,0.501961,101.366785,110.0,45.856399,20.0,68.0,135.0,168.0,6.0,223.0,42.333492,45.0,26.813904,1.0,19.0,62.0,86.0,0.0,139.0,35.194045,36.0,23.565757,0.0,15.0,52.0,75.0,0.0,128.0,0.397517,0.431373,0.179829,0.078431,0.266667,0.529412,0.658824,0.023529,0.87451,101.366785,110.0,45.856399,20.0,68.0,135.0,168.0,6.0,223.0,0.21321,0.227322,0.119303,0.019773,0.113711,0.301157,0.401871,0.00667,0.612016,0.710436,0.67619,0.13601,0.5375,0.609023,0.788235,1.0,0.405128,1.0,0.207589,0.231818,0.067397,0.04,0.190476,0.251366,0.269231,0.0,0.318182,-0.203505,-0.215686,0.072093,-0.305882,-0.254902,-0.160784,-0.066667,-0.431373,-0.003922,-0.608732,-0.558823,0.17228,-1.0,-0.672131,-0.495726,-0.433333,-13.999966,-0.33557,322838.615856,2.487805,1549135.057659,1.905405,2.157143,3.472222,21.999945,1.584071,23529412.0,11568.452587,0.826087,118004.648548,0.0,0.708333,0.923913,1.230769,0.0,5098039.5,0.768138,0.517507,0.170567,0.329594,1.0,usable,normal,,"paired leaf brightness is mostly below the dark reference, so subtracting this dark frame would create non-physical negative reflectance",379.361219,multiband_ridge,73.039606
in cutie\frunza sanatoasa dar galbena,leaf_sample,healthy_yellow,725.jpg,in cutie\frunza sanatoasa dar galbena\camera\725.jpg,725,725,1920,1080,322780,filtered_camera_foreground,111433,0.053739,in cutie\frunza sanatoasa dar galbena\spectru\725.txt,528.22,0.554807,0.576471,0.501995,0.52549,0.909188,1.020407,0.045993,678,375,501,300,925.4,527.67,0.504394,0.588235,0.263519,0.070588,0.219608,0.717647,0.831373,0.007843,0.988235,0.34077,0.384314,0.201239,0.039216,0.113725,0.509804,0.619608,0.0,0.780392,0.297789,0.32549,0.181137,0.031373,0.101961,0.447059,0.560784,0.0,0.717647,128.620498,150.0,67.197448,18.0,56.0,183.0,212.0,2.0,252.0,86.896234,98.0,51.315939,10.0,29.0,130.0,158.0,0.0,199.0,75.936312,83.0,46.189995,8.0,26.0,114.0,143.0,0.0,183.0,0.504424,0.588235,0.263468,0.070588,0.219608,0.717647,0.831373,0.007843,0.988235,128.628189,150.0,67.184278,18.0,56.0,183.0,212.0,2.0,252.0,0.372453,0.424543,0.212557,0.045865,0.135418,0.548895,0.661467,0.001951,0.820049,0.455325,0.428571,0.121297,0.310345,0.368715,0.517857,0.68421,0.0,1.0,0.289538,0.297101,0.027043,0.236111,0.28,0.305618,0.315675,0.0,0.545454,-0.120644,-0.133333,0.054742,-0.196078,-0.160784,-0.082353,-0.019608,-0.27451,0.058824,-116.473794,-0.307692,15628.866478,-0.555556,-0.385965,-0.264249,-0.223629,-2745098.0,392156.84375,547.093843,1.506024,40538.647901,1.323171,1.40458,1.726027,2.227273,0.75,4313725.5,120.526334,0.875,15760.734958,0.611111,0.814815,0.923077,1.153846,0.0,2745098.0,0.654237,0.771011,0.300484,0.389727,1.0,usable,normal,,dark/white denominator is not positive enough for this filter (camera auto-exposure or missing per-filter dark frame),530.644,single_band_training_mean,30.82571
in cutie\frunza sanatoasa dar galbena,leaf_sample,healthy_yellow,850.jpg,in cutie\frunza sanatoasa dar galbena\camera\850.jpg,850,850,1920,1080,378162,filtered_camera_foreground,111433,0.053739,in cutie\frunza sanatoasa dar galbena\spectru\850.txt,434.01,0.483964,0.501961,0.501995,0.52549,1.559707,1.523437,-14.022905,678,375,501,300,925.4,527.67,0.737472,0.745098,0.121591,0.521569,0.654902,0.831373,0.921569,0.294118,1.0,0.738708,0.74902,0.121832,0.521569,0.654902,0.831373,0.921569,0.317647,1.0,0.753354,0.760784,0.123181,0.533333,0.666667,0.847059,0.937255,0.309804,1.0,188.055459,190.0,31.005744,133.0,167.0,212.0,235.0,75.0,255.0,188.370581,191.0,31.067057,133.0,167.0,212.0,235.0,81.0,255.0,192.105274,194.0,31.411137,136.0,170.0,216.0,239.0,79.0,255.0,0.754842,0.764706,0.122202,0.537255,0.670588,0.847059,0.937255,0.317647,1.0,192.48465,195.0,31.161451,137.0,171.0,216.0,239.0,81.0,255.0,0.739503,0.747631,0.121728,0.522438,0.654958,0.833602,0.921301,0.312078,1.0,0.03008,0.02809,0.016419,0.009259,0.020202,0.037975,0.06015,0.0,0.189189,0.331294,0.331361,0.003307,0.326039,0.329412,0.333333,0.336634,0.312281,0.355828,-0.01341,-0.011765,0.02013,-0.047059,-0.027451,0.0,0.019608,-0.105882,0.090196,0.001806,0.0,0.020026,-0.02924,-0.009302,0.012712,0.035035,-0.115789,0.172727,0.998512,1.0,0.019393,0.966667,0.987552,1.009217,1.02924,0.850394,1.122222,1.020259,1.021053,0.017814,0.991736,1.010309,1.029536,1.048485,0.89313,1.166667,0.596867,1.264674,1.264674,1.0,1.0,usable,normal,,dark/white denominator is not positive enough for this filter (camera auto-exposure or missing per-filter dark frame),447.6,single_band_training_mean,15.444441
in cutie\frunza sanatoasa dar galbena,leaf_sample,healthy_yellow,940.jpg,in cutie\frunza sanatoasa dar galbena\camera\940.jpg,940,940,1920,1080,315827,filtered_camera_foreground,111433,0.053739,in cutie\frunza sanatoasa dar galbena\spectru\940.txt,337.13,0.513442,0.494118,0.501995,0.52549,0.710096,0.841269,-12.00332,678,375,501,300,925.4,527.67,0.353564,0.403922,0.189879,0.066667,0.12549,0.513726,0.603922,0.0,0.764706,0.353564,0.403922,0.188298,0.070588,0.12549,0.513726,0.6,0.015686,0.752941,0.355075,0.407843,0.193011,0.058824,0.12549,0.517647,0.607843,0.0,0.772549,90.158813,103.0,48.419237,17.0,32.0,131.0,154.0,0.0,195.0,90.158768,103.0,48.016025,18.0,32.0,131.0,153.0,4.0,192.0,90.544157,104.0,49.217885,15.0,32.0,132.0,155.0,0.0,197.0,0.364593,0.415686,0.190084,0.07451,0.137255,0.52549,0.611765,0.015686,0.772549,92.971167,106.0,48.47137,19.0,35.0,134.0,156.0,4.0,197.0,0.353673,0.403922,0.18881,0.068638,0.124908,0.512346,0.601423,0.012053,0.755191,0.097207,0.055556,0.106027,0.012903,0.032258,0.12,0.333333,0.0,1.0,0.335801,0.332569,0.021482,0.311475,0.32732,0.339623,0.373134,0.171429,0.9,-0.001512,-0.003922,0.027243,-0.043137,-0.019608,0.015686,0.043137,-0.121569,0.156863,31.685021,0.0,6748.466096,-0.125,-0.032,0.032895,0.208333,-2.000002,1568627.375,0.997352,1.0,0.106749,0.821429,0.967742,1.033333,1.142857,0.0,2.833332,0.991671,1.007246,0.115442,0.772727,0.965517,1.038168,1.138614,0.0,1.999999,0.667304,0.546367,2.576257,4.715249,0.212078,weak_source_amplifies_noise,low_confidence_excluded,,dark/white denominator is not positive enough for this filter (camera auto-exposure or missing per-filter dark frame),,excluded_low_confidence_spectrometer_target,
in cutie\frunza sanatoasa dar galbena,leaf_sample,healthy_yellow,fara.jpg,in cutie\frunza sanatoasa dar galbena\camera\fara.jpg,fara,,1920,1080,195561,filtered_camera_foreground,111433,0.053739,in cutie\frunza sanatoasa dar galbena\spectru\fara.txt,,,,0.501995,0.52549,,,,678,375,501,300,925.4,527.67,0.505824,0.529412,0.081462,0.241569,0.529412,0.529412,0.541176,0.05098,0.611765,0.51338,0.552941,0.105759,0.172549,0.54902,0.552941,0.552941,0.0,0.580392,0.512101,0.545098,0.098185,0.192157,0.545098,0.545098,0.545098,0.027451,0.6,128.984986,135.0,20.772853,61.6,135.0,135.0,138.0,13.0,156.0,130.911902,141.0,26.968425,44.0,140.0,141.0,141.0,0.0,148.0,130.585859,139.0,25.037095,49.0,139.0,139.0,139.0,7.0,153.0,0.524313,0.552941,0.087181,0.241569,0.552941,0.552941,0.552941,0.05098,0.611765,133.699864,141.0,22.231148,61.6,141.0,141.0,141.0,13.0,156.0,0.511681,0.547373,0.099676,0.189522,0.547069,0.547373,0.547373,0.01282,0.582338,0.066796,0.042553,0.073668,0.028571,0.042553,0.042553,0.267857,0.0,1.0,0.332281,0.339759,0.01744,0.289655,0.337349,0.339759,0.339759,0.0,0.347291,0.008835,0.031373,0.04396,-0.098039,0.019608,0.031373,0.031373,-0.141177,0.066667,-0.002977,0.043796,0.110605,-0.287879,0.029197,0.043796,0.043796,-2.499999,0.082707,173.455181,0.957447,33742.259432,0.957447,0.957447,0.971429,1.363636,0.921429,7843137.5,92.50588,0.985816,18274.901024,0.985816,0.985816,0.992857,1.095652,0.85,4705882.5,,,,,,,,,,,,
in cutie\Referinta alba,white_reference,white_reference,532.jpg,in cutie\Referinta alba\camera\532.jpg,532,532,1920,1080,499655,full_frame_reference,2073600,1.0,in cutie\Referinta alba\spectru\refirinta alba 532.txt,641.96,0.589234,0.552941,0.501995,0.52549,,,,0,0,1920,1080,959.5,539.5,0.523017,0.458824,0.226405,0.247059,0.345098,0.701961,0.976471,0.0,1.0,0.512337,0.505882,0.130662,0.298039,0.419608,0.619608,0.713726,0.0,0.862745,0.458489,0.411765,0.185045,0.223529,0.313726,0.592157,0.819608,0.0,1.0,133.369414,117.0,57.733375,63.0,88.0,179.0,249.0,0.0,255.0,130.645864,129.0,33.318692,76.0,107.0,158.0,182.0,0.0,220.0,116.914697,105.0,47.186556,57.0,80.0,151.0,209.0,0.0,255.0,0.589234,0.552941,0.195924,0.317647,0.435294,0.72549,0.976471,0.027451,1.0,150.25456,141.0,49.960704,81.0,111.0,185.0,249.0,7.0,255.0,0.51072,0.495354,0.142062,0.295765,0.402271,0.629701,0.738657,0.005836,0.887529,0.275967,0.287554,0.11018,0.098361,0.18617,0.357798,0.438679,0.0,1.0,0.356376,0.350649,0.065608,0.256167,0.306163,0.418006,0.450382,0.0,0.683544,0.043167,0.062745,0.296392,-0.494118,-0.133333,0.309804,0.423529,-0.654902,0.584314,-8.31919,0.014388,11261.100297,-0.462963,-0.195531,0.27044,0.380531,-7843137.5,8627452.0,1582.244692,0.983871,127373.347227,0.621053,0.715909,1.238095,1.604167,0.0,15686275.0,488.817019,0.857143,48794.250182,0.581395,0.68323,1.046512,1.304054,0.0,12156863.0,,,,,,,,,,,,
in cutie\Referinta alba,white_reference,white_reference,556.jpg,in cutie\Referinta alba\camera\556.jpg,556,556,1920,1080,544979,full_frame_reference,2073600,1.0,in cutie\Referinta alba\spectru\refirinta alba  556.txt,700.56,0.513803,0.517647,0.501995,0.52549,,,,0,0,1920,1080,959.5,539.5,0.425217,0.407843,0.138866,0.215686,0.313726,0.54902,0.647059,0.0,0.866667,0.447166,0.431373,0.111523,0.290196,0.364706,0.521569,0.65098,0.0,0.858824,0.362096,0.364706,0.103894,0.192157,0.282353,0.443137,0.52549,0.0,0.87451,108.430278,104.0,35.410724,55.0,80.0,140.0,165.0,0.0,221.0,114.027255,110.0,28.438364,74.0,93.0,133.0,166.0,0.0,219.0,92.334379,93.0,26.493044,49.0,72.0,113.0,134.0,0.0,223.0,0.513803,0.517647,0.106783,0.341176,0.427451,0.6,0.67451,0.090196,0.87451,131.019727,132.0,27.229543,87.0,109.0,153.0,172.0,23.0,223.0,0.436357,0.427886,0.08901,0.298269,0.375411,0.498013,0.589927,0.023706,0.761966,0.344467,0.369369,0.135102,0.133333,0.221429,0.453846,0.536364,0.0,1.0,0.371305,0.361564,0.088273,0.232759,0.304348,0.455927,0.496528,0.0,1.0,0.107019,0.105882,0.312258,-0.427451,-0.109804,0.388235,0.552941,-0.627451,0.713726,-1.293988,0.032895,2510.769034,-0.603448,-0.208333,0.366667,0.489796,-3529412.0,784313.6875,24.653947,0.961905,17613.304613,0.516667,0.614754,1.256881,1.865169,0.0,16078432.0,13.143286,0.805195,8887.337552,0.47619,0.585366,1.036697,1.43617,0.0,7058824.0,,,,,,,,,,,,
in cutie\Referinta alba,white_reference,white_reference,680.jpg,in cutie\Referinta alba\camera\680.jpg,680,680,1920,1080,460768,full_frame_reference,2073600,1.0,in cutie\Referinta alba\spectru\refirinta alba  680.txt,794.45,0.603466,0.603922,0.501995,0.52549,,,,0,0,1920,1080,959.5,539.5,0.603466,0.603922,0.187273,0.227451,0.521569,0.74902,0.866667,0.035294,1.0,0.271161,0.247059,0.127188,0.066667,0.180392,0.384314,0.470588,0.0,0.607843,0.195272,0.168627,0.108252,0.035294,0.113725,0.290196,0.380392,0.0,0.694118,153.883854,154.0,47.754488,58.0,133.0,191.0,221.0,9.0,255.0,69.146168,63.0,32.432998,17.0,46.0,98.0,120.0,0.0,155.0,49.794426,43.0,27.604335,9.0,29.0,74.0,97.0,0.0,177.0,0.603466,0.603922,0.187272,0.227451,0.521569,0.74902,0.866667,0.035294,1.0,153.883879,154.0,47.754436,58.0,133.0,191.0,221.0,9.0,255.0,0.33633,0.315775,0.136446,0.109536,0.248268,0.45539,0.545157,0.007504,0.68442,0.69521,0.7,0.120381,0.509434,0.60396,0.77439,0.897436,0.126761,1.0,0.240702,0.251515,0.046081,0.161538,0.225641,0.270732,0.282555,0.0,0.415584,-0.256415,-0.270588,0.060182,-0.32549,-0.294118,-0.239216,-0.098039,-0.439216,0.07451,-0.515628,-0.495238,0.117726,-0.72549,-0.569697,-0.428571,-0.387387,-3.666664,-0.036364,107268.362561,2.307692,1058226.971508,1.758929,1.926316,2.780488,4.578947,1.0625,33725492.0,2315.319667,0.705882,45292.789531,0.4,0.6,0.815789,0.933333,0.0,8235294.5,,,,,,,,,,,,
in cutie\Referinta alba,white_reference,white_reference,725.jpg,in cutie\Referinta alba\camera\725.jpg,725,725,1920,1080,447260,full_frame_reference,2073600,1.0,in cutie\Referinta alba\spectru\refirinta alba 725.txt,719.31,0.554807,0.576471,0.501995,0.52549,,,,0,0,1920,1080,959.5,539.5,0.552884,0.572549,0.208927,0.145098,0.454902,0.717647,0.831373,0.0,0.968627,0.395989,0.415686,0.170932,0.062745,0.298039,0.533333,0.627451,0.0,0.760784,0.364211,0.376471,0.158058,0.054902,0.258824,0.501961,0.568627,0.0,0.835294,140.985422,146.0,53.276371,37.0,116.0,183.0,212.0,0.0,247.0,100.977079,106.0,43.587552,16.0,76.0,136.0,160.0,0.0,194.0,92.873873,96.0,40.304842,14.0,66.0,128.0,145.0,0.0,213.0,0.554807,0.576471,0.207745,0.145098,0.458824,0.721569,0.831373,0.0,0.968627,141.475886,147.0,52.974928,37.0,117.0,184.0,212.0,0.0,247.0,0.42705,0.446981,0.176453,0.080721,0.331305,0.569722,0.664591,0.0,0.798192,0.393769,0.373272,0.172822,0.166667,0.276596,0.456376,0.741379,0.0,1.0,0.288303,0.300654,0.048784,0.225,0.289037,0.308534,0.316929,0.0,0.999999,-0.125118,-0.12549,0.034912,-0.180392,-0.14902,-0.101961,-0.062745,-0.321569,0.054902,-669.824505,-0.269231,40204.054978,-0.575,-0.325926,-0.227273,-0.157895,-5490196.5,1568627.375,66024.620944,1.4,572018.928228,1.158333,1.315436,1.529412,2.466666,0.0,15294118.0,9116.268006,0.9,158615.644626,0.641791,0.81203,1.019608,1.291667,0.0,10588235.0,,,,,,,,,,,,
in cutie\Referinta alba,white_reference,white_reference,850.jpg,in cutie\Referinta alba\camera\850.jpg,850,850,1920,1080,404280,full_frame_reference,2073600,1.0,in cutie\Referinta alba\spectru\refirinta alba 850.txt,459.53,0.483964,0.501961,0.501995,0.52549,,,,0,0,1920,1080,959.5,539.5,0.466359,0.478431,0.190641,0.086275,0.345098,0.627451,0.72549,0.0,0.835294,0.455195,0.470588,0.196318,0.078431,0.321569,0.623529,0.721569,0.0,0.835294,0.469246,0.498039,0.216434,0.058824,0.321569,0.647059,0.756863,0.0,0.882353,118.921551,122.0,48.613463,22.0,88.0,160.0,185.0,0.0,213.0,116.07477,120.0,50.061186,20.0,82.0,159.0,184.0,0.0,213.0,119.657735,127.0,55.190628,15.0,82.0,165.0,193.0,0.0,225.0,0.483964,0.501961,0.199611,0.090196,0.352941,0.647059,0.756863,0.0,0.882353,123.410938,128.0,50.900712,23.0,90.0,165.0,193.0,0.0,225.0,0.458583,0.473105,0.196359,0.079517,0.324667,0.626062,0.725789,0.0,0.838126,0.119185,0.064,0.151954,0.018293,0.041667,0.107143,0.415584,0.0,1.0,0.329329,0.327217,0.03294,0.316514,0.323864,0.330509,0.35503,0.0,1.0,-0.025215,-0.027451,0.02524,-0.058824,-0.039216,-0.011765,0.023529,-0.176471,0.129412,34.383803,-0.014184,8966.207456,-0.166667,-0.047619,0.0,0.02963,-784313.75,3529412.25,2431.217887,1.013699,54082.460199,0.971698,1.0,1.049505,1.237288,0.0,4313725.5,882.659948,1.03937,25112.854109,0.69697,1.0,1.064516,1.103448,0.0,5098039.5,,,,,,,,,,,,
in cutie\Referinta alba,white_reference,white_reference,940.jpg,in cutie\Referinta alba\camera\940.jpg,940,940,1920,1080,481548,full_frame_reference,2073600,1.0,in cutie\Referinta alba\spectru\refirinta alba 940.txt,338.23,0.513442,0.494118,0.501995,0.52549,,,,0,0,1920,1080,959.5,539.5,0.499871,0.482353,0.149063,0.258824,0.403922,0.635294,0.72549,0.0,0.870588,0.493453,0.47451,0.151237,0.25098,0.396078,0.631373,0.721569,0.0,0.854902,0.502775,0.490196,0.161451,0.223529,0.403922,0.647059,0.737255,0.0,0.862745,127.467169,123.0,38.011006,66.0,103.0,162.0,185.0,0.0,222.0,125.830527,121.0,38.565444,64.0,101.0,161.0,184.0,0.0,218.0,128.207533,125.0,41.170064,57.0,103.0,165.0,188.0,0.0,220.0,0.513442,0.494118,0.151284,0.266667,0.415686,0.65098,0.737255,0.003922,0.870588,130.927808,126.0,38.577368,68.0,106.0,166.0,188.0,1.0,222.0,0.495491,0.475889,0.151284,0.251279,0.397159,0.633323,0.722135,0.000566,0.857954,0.06799,0.048276,0.071935,0.011765,0.030457,0.076336,0.20339,0.0,1.0,0.330562,0.32965,0.010115,0.319865,0.326154,0.333333,0.344595,0.0,0.999999,-0.01574,-0.019608,0.025783,-0.054902,-0.031373,0.0,0.031373,-0.184314,0.156863,12.226543,-0.010526,8041.08761,-0.086207,-0.032258,0.005618,0.042373,-3529411.5,4705882.5,22.010409,1.010204,7812.599071,0.96,0.994506,1.032787,1.098901,0.0,6274510.0,11.410963,1.026882,5847.186979,0.857143,1.0,1.048387,1.087379,0.0,5098039.5,,,,,,,,,,,,
in cutie\Referinta alba,white_reference,white_reference,fara.jpg,in cutie\Referinta alba\camera\fara.jpg,fara,,1920,1080,137219,full_frame_reference,2073600,1.0,in cutie\Referinta alba\spectru\referinta alba fara filtru.txt,,,,0.501995,0.52549,,,,0,0,1920,1080,959.5,539.5,0.563088,0.588235,0.228297,0.019608,0.490196,0.717647,0.870588,0.0,0.968627,0.45842,0.466667,0.198091,0.003922,0.392157,0.596078,0.745098,0.0,0.835294,0.477221,0.490196,0.197529,0.007843,0.419608,0.611765,0.752941,0.0,0.847059,143.587495,150.0,58.215839,5.0,125.0,183.0,222.0,0.0,247.0,116.897218,119.0,50.51319,1.0,100.0,152.0,190.0,0.0,213.0,121.6913,125.0,50.369981,2.0,107.0,156.0,192.0,0.0,216.0,0.563389,0.592157,0.228004,0.019608,0.490196,0.717647,0.870588,0.0,0.968627,143.66409,151.0,58.141062,5.0,125.0,183.0,222.0,0.0,247.0,0.48203,0.495081,0.20433,0.006135,0.413598,0.624744,0.771191,0.0,0.859153,0.249272,0.195652,0.197881,0.144928,0.166667,0.21831,0.857143,0.0,1.0,0.284687,0.30343,0.070068,0.090909,0.298429,0.310448,0.315476,0.0,0.999999,-0.123468,-0.133333,0.039873,-0.164706,-0.145098,-0.113726,-0.019608,-0.270588,0.023529,-1316.043103,-0.20339,36598.668808,-0.999999,-0.228571,-0.167539,-0.142857,-2745098.25,1960784.25,53908.87481,1.242105,317410.875604,1.166667,1.196319,1.277311,4.999988,0.0,5882353.0,22630.066588,1.046296,161247.138666,0.988764,1.016304,1.081081,1.999995,0.0,12156863.0,,,,,,,,,,,,
in cutie\Refirinta neagra,dark_reference,dark_reference,fara.jpg,in cutie\Refirinta neagra\fara.jpg,fara,,1920,1080,471222,full_frame_reference,2073600,1.0,,,,,0.501995,0.52549,,,,0,0,1920,1080,959.5,539.5,0.500651,0.52549,0.241819,0.145098,0.258824,0.709804,0.854902,0.0,1.0,0.44002,0.458824,0.227545,0.109804,0.211765,0.639216,0.780392,0.0,0.996078,0.455686,0.47451,0.225535,0.12549,0.235294,0.65098,0.792157,0.0,1.0,127.666082,134.0,61.663915,37.0,66.0,181.0,218.0,0.0,255.0,112.205073,117.0,58.024022,28.0,54.0,163.0,199.0,0.0,254.0,116.199925,121.0,57.51131,32.0,60.0,166.0,202.0,0.0,255.0,0.501995,0.52549,0.240261,0.14902,0.258824,0.709804,0.854902,0.0,1.0,128.008729,134.0,61.266559,38.0,66.0,181.0,218.0,0.0,255.0,0.454041,0.47275,0.230245,0.120071,0.22265,0.65396,0.79648,0.0,0.99578,0.156584,0.12766,0.093287,0.072626,0.098655,0.1875,0.324324,0.0,1.0,0.309751,0.315488,0.022166,0.274854,0.304348,0.320819,0.327198,0.0,1.0,-0.076297,-0.078431,0.03306,-0.12549,-0.098039,-0.054902,-0.019608,-0.270588,0.156863,-177.237639,-0.122581,25832.02672,-0.34375,-0.183333,-0.094527,-0.06,-6666667.0,7450980.5,2138.222248,1.134752,84121.836779,1.0625,1.102273,1.207792,1.421052,0.0,9019608.0,1415.860537,1.032787,64871.986489,0.948276,1.005319,1.084112,1.270833,0.0,12156863.0,,,,,,,,,,,,
in cutie\Set frunze 1\frunza nesanatoasa,leaf_sample,unhealthy,532.jpg,in cutie\Set frunze 1\frunza nesanatoasa\camera\532.jpg,532,532,1920,1080,340944,filtered_camera_foreground,109922,0.05301,in cutie\Set frunze 1\frunza nesanatoasa\spectru\532.txt,372.89,0.589234,0.552941,0.501995,0.52549,0.634897,0.680852,-1.465996,453,332,603,356,776.78,515.75,0.16549,0.164706,0.020951,0.133333,0.152941,0.176471,0.2,0.066667,0.317647,0.374103,0.376471,0.057524,0.27451,0.337255,0.411765,0.466667,0.184314,0.568627,0.18621,0.184314,0.025723,0.145098,0.168627,0.203922,0.227451,0.082353,0.341176,42.199914,42.0,5.342524,34.0,39.0,45.0,51.0,17.0,81.0,95.396172,96.0,14.668681,70.0,86.0,105.0,119.0,47.0,145.0,47.483443,47.0,6.55928,37.0,43.0,52.0,58.0,21.0,87.0,0.374103,0.376471,0.057524,0.27451,0.337255,0.411765,0.466667,0.184314,0.568627,95.396172,96.0,14.668681,70.0,86.0,105.0,119.0,47.0,145.0,0.316186,0.317879,0.045425,0.237193,0.288453,0.34553,0.389624,0.157509,0.496042,0.555763,0.561905,0.05668,0.454545,0.518182,0.59633,0.638889,0.305085,0.8125,0.514104,0.515337,0.026919,0.468571,0.496815,0.532544,0.556561,0.408451,0.678832,0.396506,0.403922,0.088147,0.243137,0.337255,0.454902,0.537255,0.12549,0.643137,0.586692,0.590909,0.082972,0.447368,0.52809,0.64486,0.718446,0.283333,1.041096,0.44823,0.441176,0.059318,0.361905,0.404762,0.488636,0.552941,0.1875,0.711864,0.502311,0.5,0.05619,0.414894,0.464912,0.537634,0.597403,0.258065,0.8,0.777582,0.481111,0.202924,0.421782,1.0,usable,normal,,"paired leaf brightness is mostly below the dark reference, so subtracting this dark frame would create non-physical negative reflectance",366.988384,multiband_ridge,29.840095
in cutie\Set frunze 1\frunza nesanatoasa,leaf_sample,unhealthy,556.jpg,in cutie\Set frunze 1\frunza nesanatoasa\camera\556.jpg,556,556,1920,1080,359150,filtered_camera_foreground,109922,0.05301,in cutie\Set frunze 1\frunza nesanatoasa\spectru\556.txt,405.97,0.513803,0.517647,0.501995,0.52549,0.721057,0.719697,-11.137703,453,332,603,356,776.78,515.75,0.153882,0.152941,0.022644,0.117647,0.137255,0.168627,0.192157,0.015686,0.341176,0.370481,0.372549,0.061406,0.254902,0.337255,0.407843,0.466667,0.14902,0.662745,0.203095,0.203922,0.031812,0.152941,0.180392,0.223529,0.254902,0.078431,0.419608,39.239879,39.0,5.774184,30.0,35.0,43.0,49.0,4.0,87.0,94.472526,95.0,15.658644,65.0,86.0,104.0,119.0,38.0,169.0,51.789232,52.0,8.112058,39.0,46.0,57.0,65.0,20.0,107.0,0.370481,0.372549,0.061406,0.254902,0.337255,0.407843,0.466667,0.14902,0.662745,94.472526,95.0,15.658644,65.0,86.0,104.0,119.0,38.0,169.0,0.312346,0.313448,0.048961,0.221407,0.285401,0.343667,0.390751,0.13535,0.576825,0.578662,0.588889,0.064096,0.461538,0.546512,0.62037,0.663717,0.152174,0.938462,0.507946,0.510549,0.028461,0.457627,0.492462,0.52657,0.549132,0.364341,0.706522,0.383984,0.392157,0.089264,0.211765,0.333333,0.443137,0.517647,0.047059,0.643137,0.671287,0.67647,0.103071,0.493333,0.610526,0.737374,0.831325,0.137931,1.326087,0.42179,0.411111,0.064884,0.336283,0.37963,0.453608,0.54023,0.061538,0.851064,0.553425,0.548387,0.066295,0.458333,0.509804,0.588235,0.666667,0.315315,1.0,0.413677,0.89558,0.315864,0.352692,1.0,usable,normal,,dark/white denominator is not positive enough for this filter (camera auto-exposure or missing per-filter dark frame),393.961692,multiband_ridge,30.926715
in cutie\Set frunze 1\frunza nesanatoasa,leaf_sample,unhealthy,680.jpg,in cutie\Set frunze 1\frunza nesanatoasa\camera\680.jpg,680,680,1920,1080,365629,filtered_camera_foreground,109922,0.05301,in cutie\Set frunze 1\frunza nesanatoasa\spectru\680.txt,342.01,0.603466,0.603922,0.501995,0.52549,0.553672,0.545455,-1.654394,453,332,603,356,776.78,515.75,0.334122,0.329412,0.040033,0.27451,0.301961,0.360784,0.403922,0.203922,0.552941,0.112035,0.109804,0.027598,0.070588,0.094118,0.129412,0.156863,0.0,0.290196,0.056755,0.054902,0.026292,0.015686,0.039216,0.07451,0.101961,0.0,0.227451,85.201179,84.0,10.208506,70.0,77.0,92.0,103.0,52.0,141.0,28.568958,28.0,7.037452,18.0,24.0,33.0,40.0,0.0,74.0,14.47249,14.0,6.704496,4.0,10.0,19.0,26.0,0.0,58.0,0.334122,0.329412,0.040033,0.27451,0.301961,0.360784,0.403922,0.203922,0.552941,85.201179,84.0,10.208506,70.0,77.0,92.0,103.0,52.0,141.0,0.15526,0.153845,0.028111,0.113322,0.134357,0.17405,0.202984,0.047522,0.341526,0.832783,0.833333,0.069997,0.717647,0.785714,0.879518,0.949367,0.52439,1.0,0.220448,0.222222,0.026878,0.174312,0.204082,0.238938,0.260504,0.0,0.315789,-0.166807,-0.168627,0.033537,-0.223529,-0.188235,-0.145098,-0.113725,-0.313725,-0.035294,-0.575241,-0.571429,0.067385,-0.690476,-0.617021,-0.528455,-0.472727,-1.0,-0.328244,1187.560608,3.0,177410.674485,2.35,2.6875,3.391304,4.25,1.7,30588236.0,0.497682,0.5,0.1888,0.173913,0.380952,0.62069,0.8,0.0,1.999999,0.768138,0.434977,0.143366,0.329594,1.0,usable,normal,,"paired leaf brightness is mostly below the dark reference, so subtracting this dark frame would create non-physical negative reflectance",307.310083,multiband_ridge,73.039606
in cutie\Set frunze 1\frunza nesanatoasa,leaf_sample,unhealthy,725.jpg,in cutie\Set frunze 1\frunza nesanatoasa\camera\725.jpg,725,725,1920,1080,381270,filtered_camera_foreground,109922,0.05301,in cutie\Set frunze 1\frunza nesanatoasa\spectru\725.txt,548.23,0.554807,0.576471,0.501995,0.52549,1.302307,1.258502,4.175831,453,332,603,356,776.78,515.75,0.722529,0.72549,0.050801,0.639216,0.690196,0.756863,0.803922,0.364706,0.92549,0.509326,0.509804,0.05048,0.423529,0.47451,0.545098,0.588235,0.172549,0.717647,0.36272,0.364706,0.051792,0.27451,0.329412,0.4,0.443137,0.109804,0.572549,184.245001,185.0,12.95424,163.0,176.0,193.0,205.0,93.0,236.0,129.878141,130.0,12.872449,108.0,121.0,139.0,150.0,44.0,183.0,92.493659,93.0,13.206866,70.0,84.0,102.0,113.0,28.0,146.0,0.722529,0.72549,0.050801,0.639216,0.690196,0.756863,0.803922,0.364706,0.92549,184.245001,185.0,12.95424,163.0,176.0,193.0,205.0,93.0,236.0,0.544068,0.54543,0.049791,0.460874,0.510985,0.578831,0.623017,0.209438,0.748857,0.499915,0.497041,0.045998,0.430693,0.467742,0.52907,0.580838,0.338308,0.766667,0.31928,0.319588,0.0071,0.307246,0.314815,0.324022,0.330189,0.258216,0.352151,-0.066598,-0.066667,0.0326,-0.121569,-0.086275,-0.047059,-0.015686,-0.227451,0.082353,-0.246385,-0.244541,0.025156,-0.290323,-0.262009,-0.228916,-0.208511,-0.470085,-0.142276,1.423472,1.417266,0.059848,1.338028,1.381944,1.457627,1.530769,1.22293,2.113636,0.710141,0.713044,0.053057,0.619469,0.676947,0.745283,0.792593,0.419355,0.936,0.654237,1.104384,0.430408,0.389727,1.0,usable,normal,,dark/white denominator is not positive enough for this filter (camera auto-exposure or missing per-filter dark frame),530.644,single_band_training_mean,30.82571
in cutie\Set frunze 1\frunza nesanatoasa,leaf_sample,unhealthy,850.jpg,in cutie\Set frunze 1\frunza nesanatoasa\camera\850.jpg,850,850,1920,1080,423510,filtered_camera_foreground,109922,0.05301,in cutie\Set frunze 1\frunza nesanatoasa\spectru\850 1 nes.txt,452.29,0.483964,0.501961,0.501995,0.52549,1.781225,1.734374,-19.96861,453,332,603,356,776.78,515.75,0.775901,0.784314,0.082862,0.682353,0.74902,0.819608,0.870588,0.113725,0.972549,0.786972,0.796078,0.081884,0.694118,0.760784,0.831373,0.878431,0.12549,1.0,0.862049,0.870588,0.085133,0.764706,0.835294,0.909804,0.960784,0.172549,1.0,197.85467,200.0,21.129898,174.0,191.0,209.0,222.0,29.0,248.0,200.677963,203.0,20.880297,177.0,194.0,212.0,224.0,32.0,255.0,219.822565,222.0,21.708871,195.0,213.0,232.0,245.0,44.0,255.0,0.862049,0.870588,0.085133,0.764706,0.835294,0.909804,0.960784,0.172549,1.0,219.822565,222.0,21.708871,195.0,213.0,232.0,245.0,44.0,255.0,0.790039,0.798658,0.082063,0.69838,0.763364,0.834251,0.88326,0.128888,0.994164,0.103223,0.100917,0.021586,0.075697,0.090909,0.112554,0.133333,0.0,0.45283,0.324467,0.324575,0.00322,0.319536,0.322635,0.32644,0.329212,0.270833,0.350427,-0.064005,-0.062745,0.021747,-0.098039,-0.078431,-0.05098,-0.031373,-0.160784,0.047059,0.016632,0.015625,0.023959,-0.016949,0.005155,0.03125,0.04918,-0.326087,0.5,0.985659,0.985915,0.020086,0.957219,0.972678,0.995349,1.015464,0.768293,1.288461,1.09663,1.095238,0.021262,1.067708,1.084906,1.105882,1.126829,1.0,1.558823,0.596867,1.44429,1.44429,1.0,1.0,usable,normal,,dark/white denominator is not positive enough for this filter (camera auto-exposure or missing per-filter dark frame),447.6,single_band_training_mean,15.444441
in cutie\Set frunze 1\frunza nesanatoasa,leaf_sample,unhealthy,940.jpg,in cutie\Set frunze 1\frunza nesanatoasa\camera\940.jpg,940,940,1920,1080,377826,filtered_camera_foreground,109922,0.05301,in cutie\Set frunze 1\frunza nesanatoasa\spectru\940 1 nes.txt,488.31,0.513442,0.494118,0.501995,0.52549,1.086249,1.142857,4.868612,453,332,603,356,776.78,515.75,0.499161,0.505882,0.072503,0.407843,0.470588,0.541176,0.588235,0.007843,0.721569,0.507993,0.513726,0.071696,0.419608,0.478431,0.54902,0.596078,0.047059,0.737255,0.557699,0.564706,0.074747,0.466667,0.529412,0.6,0.65098,0.058824,0.784314,127.285994,129.0,18.488346,104.0,120.0,138.0,150.0,2.0,184.0,129.538236,131.0,18.282351,107.0,122.0,140.0,152.0,12.0,188.0,142.213215,144.0,19.060499,119.0,135.0,153.0,166.0,15.0,200.0,0.557726,0.564706,0.074654,0.466667,0.529412,0.6,0.65098,0.062745,0.784314,142.220147,144.0,19.036802,119.0,135.0,153.0,166.0,16.0,200.0,0.509704,0.517118,0.071627,0.419949,0.480696,0.54988,0.598658,0.04127,0.737318,0.113129,0.109589,0.039048,0.06,0.090278,0.131387,0.17037,0.0,0.904762,0.32455,0.324519,0.006631,0.31477,0.320611,0.328395,0.33419,0.223881,0.43038,-0.040873,-0.043137,0.027278,-0.082353,-0.058824,-0.023529,0.003922,-0.152941,0.098039,-6.110686,0.018519,2033.41959,-0.04,-0.00885,0.04918,0.091743,-674172.875,7.999966,0.982078,0.983871,0.040225,0.923077,0.957747,1.007936,1.035714,0.166667,1.428571,1.100405,1.097015,0.041292,1.04386,1.076923,1.12,1.16129,0.758621,2.266666,0.667304,0.83579,3.940958,4.715249,0.212078,weak_source_amplifies_noise,low_confidence_excluded,,dark/white denominator is not positive enough for this filter (camera auto-exposure or missing per-filter dark frame),,excluded_low_confidence_spectrometer_target,
in cutie\Set frunze 1\frunza nesanatoasa,leaf_sample,unhealthy,fara.jpg,in cutie\Set frunze 1\frunza nesanatoasa\camera\fara.jpg,fara,,1920,1080,180086,filtered_camera_foreground,109922,0.05301,in cutie\Set frunze 1\frunza nesanatoasa\spectru\fara filtru 1 nes.txt,,,,0.501995,0.52549,,,,453,332,603,356,776.78,515.75,0.562609,0.576471,0.07455,0.521569,0.576471,0.580392,0.592157,0.027451,0.658824,0.564545,0.6,0.09281,0.458824,0.572549,0.6,0.6,0.0,0.627451,0.569754,0.592157,0.085528,0.498039,0.588235,0.592157,0.6,0.0,0.654902,143.465294,147.0,19.010151,133.0,147.0,148.0,151.0,7.0,168.0,143.959062,153.0,23.666594,117.0,146.0,153.0,153.0,0.0,160.0,145.287367,151.0,21.809752,127.0,150.0,151.0,153.0,0.0,167.0,0.578705,0.6,0.078241,0.521569,0.592157,0.6,0.603922,0.027451,0.658824,147.569677,153.0,19.951445,133.0,151.0,153.0,154.0,7.0,168.0,0.56451,0.594431,0.087686,0.477228,0.575632,0.594431,0.594431,0.005836,0.63021,0.058176,0.039216,0.073479,0.013245,0.039216,0.039216,0.14,0.0,1.0,0.33034,0.339246,0.01892,0.307125,0.32809,0.339246,0.339246,0.0,0.346756,-0.003273,0.031373,0.050222,-0.105882,-0.027451,0.031373,0.031373,-0.192157,0.070588,-0.010298,0.040268,0.111488,-0.151515,-0.013986,0.040268,0.040268,-9.999976,0.075862,1845.46748,0.960784,101684.87557,0.960784,0.960784,1.013699,1.162791,0.927632,9019608.0,482.642155,0.986928,31043.783885,0.986928,0.986928,1.034247,1.098361,0.0,3529412.0,,,,,,,,,,,,
in cutie\Set frunze 1\frunza verde,leaf_sample,healthy,532.jpg,in cutie\Set frunze 1\frunza verde\camera\532.jpg,532,532,1920,1080,293137,filtered_camera_foreground,102896,0.049622,in cutie\Set frunze 1\frunza verde\spectru\532.txt,402.66,0.589234,0.552941,0.501995,0.52549,0.328336,0.354609,-3.536583,425,328,632,371,804.79,520.32,0.013228,0.007843,0.016013,0.0,0.0,0.019608,0.047059,0.0,0.172549,0.193467,0.196078,0.058294,0.086275,0.152941,0.235294,0.286275,0.007843,0.431373,0.029314,0.027451,0.023594,0.0,0.011765,0.043137,0.07451,0.0,0.188235,3.373076,2.0,4.083343,0.0,0.0,5.0,12.0,0.0,44.0,49.334192,50.0,14.864927,22.0,39.0,60.0,73.0,2.0,110.0,7.47514,7.0,6.016572,0.0,3.0,11.0,19.0,0.0,48.0,0.193467,0.196078,0.058294,0.086275,0.152941,0.235294,0.286275,0.007843,0.431373,49.334192,50.0,14.864927,22.0,39.0,60.0,73.0,2.0,110.0,0.143297,0.143889,0.04474,0.063083,0.11275,0.174485,0.215341,0.005609,0.358792,0.943115,0.960784,0.066186,0.818182,0.910714,1.0,1.0,0.390244,1.0,0.845192,0.84507,0.097099,0.685185,0.777778,0.918367,1.0,0.41573,1.0,0.344393,0.345098,0.09562,0.156863,0.290196,0.419608,0.486275,0.011765,0.584314,1.021981,1.019231,0.130087,0.815789,0.954545,1.097561,1.222222,0.162791,2.333333,0.06278,0.045455,0.073467,0.0,0.0,0.09589,0.192982,0.0,0.78125,0.137232,0.135135,0.094628,0.0,0.0625,0.2,0.296875,0.0,0.810811,0.777582,0.248806,0.104942,0.421782,1.0,usable,normal,,"paired leaf brightness is mostly below the dark reference, so subtracting this dark frame would create non-physical negative reflectance",391.49884,multiband_ridge,29.840095
in cutie\Set frunze 1\frunza verde,leaf_sample,healthy,556.jpg,in cutie\Set frunze 1\frunza verde\camera\556.jpg,556,556,1920,1080,316419,filtered_camera_foreground,102896,0.049622,in cutie\Set frunze 1\frunza verde\spectru\556.txt,443.31,0.513803,0.517647,0.501995,0.52549,0.38745,0.386364,-25.653963,425,328,632,371,804.79,520.32,0.024359,0.019608,0.02115,0.0,0.007843,0.039216,0.062745,0.0,0.184314,0.199071,0.2,0.058091,0.090196,0.164706,0.239216,0.290196,0.007843,0.427451,0.039849,0.035294,0.027443,0.0,0.019608,0.058824,0.090196,0.0,0.227451,6.211573,5.0,5.393183,0.0,2.0,10.0,16.0,0.0,47.0,50.763003,51.0,14.8132,23.0,42.0,61.0,74.0,2.0,109.0,10.161386,9.0,6.997875,0.0,5.0,15.0,23.0,0.0,58.0,0.199073,0.2,0.058083,0.090196,0.164706,0.239216,0.290196,0.007843,0.427451,50.763664,51.0,14.811267,23.0,42.0,61.0,74.0,2.0,109.0,0.150431,0.149793,0.045972,0.067004,0.121982,0.181469,0.225141,0.005609,0.357403,0.8995,0.90625,0.081848,0.75641,0.843137,0.972222,1.0,0.0,1.0,0.782654,0.770738,0.10303,0.632911,0.708333,0.849057,1.0,0.181818,1.0,0.333934,0.337255,0.088443,0.168627,0.278431,0.4,0.466667,-0.023529,0.576471,222.021822,0.976744,32205.496742,0.711538,0.859649,1.072727,1.25,-14.000036,5882353.0,0.113534,0.106383,0.092407,0.0,0.04,0.171875,0.263889,0.0,2.999996,0.186521,0.189189,0.109746,0.0,0.108696,0.26087,0.360513,0.0,2.499997,0.413677,0.481228,0.169725,0.352692,1.0,usable,normal,,dark/white denominator is not positive enough for this filter (camera auto-exposure or missing per-filter dark frame),434.97669,multiband_ridge,30.926715
in cutie\Set frunze 1\frunza verde,leaf_sample,healthy,680.jpg,in cutie\Set frunze 1\frunza verde\camera\680.jpg,680,680,1920,1080,332350,filtered_camera_foreground,102896,0.049622,in cutie\Set frunze 1\frunza verde\spectru\680.txt,337.44,0.603466,0.603922,0.501995,0.52549,0.456614,0.448051,-2.231613,425,328,632,371,804.79,520.32,0.275551,0.270588,0.056429,0.192157,0.227451,0.321569,0.368627,0.105882,0.47451,0.104428,0.101961,0.026797,0.066667,0.086275,0.121569,0.152941,0.0,0.247059,0.063956,0.062745,0.025118,0.027451,0.047059,0.078431,0.105882,0.0,0.223529,70.26555,69.0,14.389499,49.0,58.0,82.0,94.0,27.0,121.0,26.629208,26.0,6.833174,17.0,22.0,31.0,39.0,0.0,63.0,16.308856,16.0,6.40516,7.0,12.0,20.0,27.0,0.0,57.0,0.275551,0.270588,0.056429,0.192157,0.227451,0.321569,0.368627,0.105882,0.47451,70.26555,69.0,14.389499,49.0,58.0,82.0,94.0,27.0,121.0,0.137887,0.133004,0.031069,0.094456,0.113972,0.161808,0.190942,0.026962,0.286732,0.77076,0.769231,0.070852,0.65625,0.724638,0.814815,0.890244,0.44,1.0,0.234636,0.235294,0.025876,0.191667,0.218487,0.251852,0.275168,0.0,0.342857,-0.130651,-0.129412,0.040761,-0.196078,-0.160784,-0.101961,-0.062745,-0.290196,0.007843,-0.543003,-0.540983,0.071405,-0.6625,-0.588235,-0.494737,-0.430556,-1.032258,-0.269841,387.644711,2.636363,71336.654883,2.090909,2.387097,2.95,3.562499,1.514285,13725491.0,4.416728,0.607143,1222.525173,0.32,0.5,0.714286,0.882353,0.0,392156.875,0.768138,0.358726,0.118234,0.329594,1.0,usable,normal,,"paired leaf brightness is mostly below the dark reference, so subtracting this dark frame would create non-physical negative reflectance",337.534139,multiband_ridge,73.039606
in cutie\Set frunze 1\frunza verde,leaf_sample,healthy,725.jpg,in cutie\Set frunze 1\frunza verde\camera\725.jpg,725,725,1920,1080,380527,filtered_camera_foreground,102896,0.049622,in cutie\Set frunze 1\frunza verde\spectru\725.txt,565.08,0.554807,0.576471,0.501995,0.52549,1.235347,1.183673,3.472393,425,328,632,371,804.79,520.32,0.685379,0.682353,0.055695,0.611765,0.65098,0.721569,0.772549,0.188235,0.882353,0.476145,0.470588,0.053036,0.403922,0.443137,0.509804,0.564706,0.062745,0.678431,0.374906,0.372549,0.053525,0.294118,0.341176,0.411765,0.462745,0.0,0.596078,174.77174,174.0,14.202246,156.0,166.0,184.0,197.0,48.0,225.0,121.416974,120.0,13.524104,103.0,113.0,130.0,144.0,16.0,173.0,95.601034,95.0,13.648991,75.0,87.0,105.0,118.0,0.0,152.0,0.685379,0.682353,0.055695,0.611765,0.65098,0.721569,0.772549,0.188235,0.882353,174.77174,174.0,14.202246,156.0,166.0,184.0,197.0,48.0,225.0,0.513319,0.509118,0.052697,0.44297,0.479417,0.547464,0.598961,0.085177,0.710743,0.454909,0.453039,0.048406,0.379888,0.421856,0.486188,0.533742,0.237838,1.0,0.309635,0.31,0.008127,0.296209,0.304598,0.315193,0.322034,0.186275,0.345029,-0.107995,-0.109804,0.03417,-0.164706,-0.133333,-0.082353,-0.05098,-0.262745,0.027451,-0.267635,-0.26601,0.030021,-0.316667,-0.285714,-0.247573,-0.222222,-0.709677,-0.108434,1.445775,1.440678,0.070748,1.348837,1.4,1.485714,1.554456,1.152542,3.315789,0.786115,0.786885,0.057982,0.692308,0.747826,0.826087,0.878505,0.0,1.066667,0.654237,1.0476,0.408278,0.389727,1.0,usable,normal,,dark/white denominator is not positive enough for this filter (camera auto-exposure or missing per-filter dark frame),530.644,single_band_training_mean,30.82571
in cutie\Set frunze 1\frunza verde,leaf_sample,healthy,850.jpg,in cutie\Set frunze 1\frunza verde\camera\850.jpg,850,850,1920,1080,407371,filtered_camera_foreground,102896,0.049622,in cutie\Set frunze 1\frunza verde\spectru\850.txt,464.1,0.483964,0.501961,0.501995,0.52549,1.664797,1.601563,-16.843603,425,328,632,371,804.79,520.32,0.774456,0.772549,0.064168,0.690196,0.733333,0.819608,0.870588,0.0,0.988235,0.778206,0.776471,0.063782,0.698039,0.737255,0.819608,0.87451,0.035294,0.988235,0.805574,0.803922,0.064943,0.721569,0.764706,0.85098,0.905882,0.062745,1.0,197.48619,197.0,16.362824,176.0,187.0,209.0,222.0,0.0,252.0,198.442524,198.0,16.26453,178.0,188.0,209.0,223.0,9.0,252.0,205.421338,205.0,16.560517,184.0,195.0,217.0,231.0,16.0,255.0,0.805702,0.803922,0.064794,0.721569,0.764706,0.85098,0.905882,0.062745,1.0,205.454002,205.0,16.522516,184.0,195.0,217.0,231.0,16.0,255.0,0.779385,0.777032,0.063662,0.698086,0.73866,0.822439,0.875092,0.029773,0.988802,0.043055,0.040724,0.017497,0.022422,0.030568,0.053398,0.07177,0.0,1.0,0.329984,0.329861,0.002947,0.325359,0.328098,0.331731,0.334495,0.277778,0.371429,-0.023618,-0.023529,0.020179,-0.054902,-0.039216,-0.011765,0.007843,-0.113725,0.090196,0.005285,0.0,0.026021,-0.020942,-0.005495,0.016667,0.038251,-1.285715,5.499988,0.995206,1.0,0.017728,0.964467,0.984211,1.005319,1.02,0.0,1.333333,1.035484,1.033816,0.016825,1.010582,1.024752,1.045455,1.063725,0.891473,1.777777,0.596867,1.349885,1.349885,1.0,1.0,usable,normal,,dark/white denominator is not positive enough for this filter (camera auto-exposure or missing per-filter dark frame),447.6,single_band_training_mean,15.444441
in cutie\Set frunze 1\frunza verde,leaf_sample,healthy,940.jpg,in cutie\Set frunze 1\frunza verde\camera\940.jpg,940,940,1920,1080,351787,filtered_camera_foreground,102896,0.049622,in cutie\Set frunze 1\frunza verde\spectru\940 1 verde.txt,531.36,0.513442,0.494118,0.501995,0.52549,1.007781,1.039683,1.349,425,328,632,371,804.79,520.32,0.492551,0.490196,0.058467,0.411765,0.454902,0.533333,0.588235,0.0,0.72549,0.497739,0.494118,0.057589,0.419608,0.458824,0.537255,0.592157,0.0,0.745098,0.5157,0.509804,0.058731,0.435294,0.478431,0.552941,0.611765,0.0,0.760784,125.600509,125.0,14.908974,105.0,116.0,136.0,150.0,0.0,185.0,126.923505,126.0,14.685095,107.0,117.0,137.0,151.0,0.0,190.0,131.503489,130.0,14.976454,111.0,122.0,141.0,156.0,0.0,194.0,0.517437,0.513726,0.057951,0.439216,0.478431,0.556863,0.611765,0.007843,0.760784,131.946499,131.0,14.777394,112.0,122.0,142.0,156.0,2.0,194.0,0.497933,0.493037,0.057313,0.421857,0.45939,0.536736,0.590206,0.000566,0.742062,0.057783,0.05303,0.03269,0.015504,0.038168,0.075,0.111111,0.0,1.0,0.330559,0.330457,0.007344,0.321053,0.326705,0.334232,0.340782,0.0,1.0,-0.012773,-0.011765,0.026364,-0.054902,-0.031373,0.003922,0.031373,-0.12549,0.12549,0.011916,0.007634,0.042685,-0.044643,-0.009804,0.034483,0.08,-3.000007,1.333332,0.989574,0.992593,0.038046,0.927419,0.96748,1.009259,1.044444,0.0,1.999999,23.903883,1.036765,4234.911167,0.984127,1.016393,1.056452,1.092437,0.0,784313.75,0.667304,0.775414,3.656271,4.715249,0.212078,weak_source_amplifies_noise,low_confidence_excluded,,dark/white denominator is not positive enough for this filter (camera auto-exposure or missing per-filter dark frame),,excluded_low_confidence_spectrometer_target,
in cutie\Set frunze 1\frunza verde,leaf_sample,healthy,fara.jpg,in cutie\Set frunze 1\frunza verde\camera\fara.jpg,fara,,1920,1080,172295,filtered_camera_foreground,102896,0.049622,in cutie\Set frunze 1\frunza verde\spectru\fara filtru 1 verde.txt,,,,0.501995,0.52549,,,,425,328,632,371,804.79,520.32,0.529868,0.529412,0.029882,0.513726,0.529412,0.537255,0.552941,0.011765,0.615686,0.52271,0.543137,0.045657,0.458824,0.498039,0.552941,0.552941,0.0,0.588235,0.537345,0.545098,0.034447,0.501961,0.537255,0.545098,0.556863,0.0,0.611765,135.116321,135.0,7.619935,131.0,135.0,137.0,141.0,3.0,157.0,133.290993,138.5,11.642427,117.0,127.0,141.0,141.0,0.0,150.0,137.022945,139.0,8.784057,128.0,137.0,139.0,142.0,0.0,156.0,0.543122,0.552941,0.031827,0.513726,0.537255,0.552941,0.560784,0.011765,0.615686,138.496093,141.0,8.115863,131.0,137.0,141.0,143.0,3.0,157.0,0.525288,0.543127,0.039732,0.474176,0.508111,0.547373,0.54851,0.002501,0.589615,0.05924,0.042553,0.048567,0.014388,0.042553,0.07971,0.118519,0.0,1.0,0.327914,0.331731,0.016679,0.308861,0.316425,0.339759,0.339759,0.0,0.347087,-0.021793,-0.007843,0.055136,-0.113725,-0.07451,0.031373,0.031373,-0.152941,0.066667,-26.697897,0.0,8557.689668,-0.129032,-0.079137,0.043796,0.043796,-2745098.25,5.000013,3842.707026,1.0,135122.362999,0.957447,0.957447,1.079365,1.133333,0.921986,8235294.5,1155.823853,1.014493,45875.232977,0.985816,0.985816,1.079365,1.112069,0.0,3137255.0,,,,,,,,,,,,
in cutie\Set frunze 2\nesanatoasa,leaf_sample,unhealthy,532.jpg,in cutie\Set frunze 2\nesanatoasa\camera\532.jpg,532,532,1920,1080,277683,filtered_camera_foreground,124962,0.060263,in cutie\Set frunze 2\nesanatoasa\spectru\532.txt,429.13,0.589234,0.552941,0.501995,0.52549,0.305369,0.375886,-3.691709,588,383,579,330,901.14,536.45,0.071812,0.07451,0.054307,0.0,0.015686,0.113725,0.160784,0.0,0.290196,0.179743,0.207843,0.121812,0.007843,0.039216,0.290196,0.345098,0.0,0.466667,0.065236,0.066667,0.052352,0.0,0.011765,0.105882,0.152941,0.0,0.25098,18.311991,19.0,13.848216,0.0,4.0,29.0,41.0,0.0,74.0,45.834566,53.0,31.061932,2.0,10.0,74.0,88.0,0.0,119.0,16.635281,17.0,13.349649,0.0,3.0,27.0,39.0,0.0,64.0,0.179934,0.207843,0.121555,0.007843,0.039216,0.290196,0.345098,0.0,0.466667,45.883084,53.0,30.996503,2.0,10.0,74.0,88.0,0.0,119.0,0.14853,0.169319,0.101513,0.005893,0.031398,0.238769,0.287001,0.0,0.405758,0.719648,0.692308,0.186216,0.5,0.619048,0.833333,1.0,0.0,1.0,0.592252,0.571428,0.143142,0.416667,0.530387,0.628571,0.909091,0.0,1.0,0.222439,0.262745,0.147762,0.003922,0.054902,0.34902,0.423529,-0.043137,0.541176,1548.323509,0.575758,59075.976632,0.0,0.462687,0.719298,1.111111,-1960784.375,3921568.75,4632.407674,0.392857,73591.045124,0.0,0.301587,0.482353,0.999997,0.0,2352941.25,1851.874795,0.342105,35346.751829,0.0,0.226415,0.428571,0.666666,0.0,1960784.375,0.777582,0.231402,0.097601,0.421782,1.0,usable,normal,,"paired leaf brightness is mostly below the dark reference, so subtracting this dark frame would create non-physical negative reflectance",423.406372,multiband_ridge,29.840095
in cutie\Set frunze 2\nesanatoasa,leaf_sample,unhealthy,556.jpg,in cutie\Set frunze 2\nesanatoasa\camera\556.jpg,556,556,1920,1080,250907,filtered_camera_foreground,124962,0.060263,in cutie\Set frunze 2\nesanatoasa\spectru\556.txt,472.29,0.513803,0.517647,0.501995,0.52549,0.342892,0.378787,-27.592818,588,383,579,330,901.14,536.45,0.044438,0.035294,0.041379,0.0,0.003922,0.078431,0.117647,0.0,0.258824,0.176056,0.196078,0.131614,0.003922,0.031373,0.301961,0.360784,0.0,0.52549,0.042153,0.031373,0.04186,0.0,0.003922,0.07451,0.117647,0.0,0.247059,11.331629,9.0,10.551576,0.0,1.0,20.0,30.0,0.0,66.0,44.894224,50.0,33.561528,1.0,8.0,77.0,92.0,0.0,134.0,10.749036,8.0,10.67421,0.0,1.0,19.0,30.0,0.0,63.0,0.176179,0.196078,0.131456,0.007843,0.031373,0.301961,0.360784,0.0,0.52549,44.925689,50.0,33.521161,2.0,8.0,77.0,92.0,0.0,134.0,0.138406,0.151085,0.10478,0.003922,0.023271,0.236587,0.288981,0.0,0.444777,0.833481,0.837838,0.176346,0.649123,0.753623,0.999999,1.0,0.0,1.0,0.705705,0.685714,0.169372,0.499999,0.625,0.784615,1.0,0.0,1.0,0.265521,0.301961,0.191633,0.003922,0.054902,0.443137,0.52549,-0.027451,0.623529,182.749644,0.753247,17748.75162,0.0,0.621622,0.9375,1.117647,-8.000021,2352941.25,7142.827788,0.238636,90550.501404,0.0,0.125,0.327273,0.999997,0.0,2352941.25,1864.29968,0.2,29038.345551,0.0,0.047619,0.290698,0.461538,0.0,1176470.625,0.413677,0.425885,0.150206,0.352692,1.0,usable,normal,,dark/white denominator is not positive enough for this filter (camera auto-exposure or missing per-filter dark frame),494.655696,multiband_ridge,30.926715
in cutie\Set frunze 2\nesanatoasa,leaf_sample,unhealthy,680.jpg,in cutie\Set frunze 2\nesanatoasa\camera\680.jpg,680,680,1920,1080,303088,filtered_camera_foreground,124962,0.060263,in cutie\Set frunze 2\nesanatoasa\spectru\680.txt,540.82,0.603466,0.603922,0.501995,0.52549,0.865871,0.909091,0.202314,588,383,579,330,901.14,536.45,0.522524,0.54902,0.161351,0.227451,0.419608,0.65098,0.741176,0.101961,0.905882,0.204444,0.215686,0.102621,0.035294,0.12549,0.286275,0.356863,0.0,0.513726,0.151511,0.156863,0.086507,0.015686,0.082353,0.215686,0.290196,0.0,0.454902,133.243682,140.0,41.144578,58.0,107.0,166.0,189.0,26.0,231.0,52.133136,55.0,26.168441,9.0,32.0,73.0,91.0,0.0,131.0,38.635297,40.0,22.059299,4.0,21.0,55.0,74.0,0.0,116.0,0.522524,0.54902,0.161351,0.227451,0.419608,0.65098,0.741176,0.101961,0.905882,133.243682,140.0,41.144578,58.0,107.0,166.0,189.0,26.0,231.0,0.268246,0.282897,0.113171,0.076394,0.185462,0.357854,0.432355,0.023344,0.587267,0.738511,0.718519,0.104564,0.595376,0.661376,0.803738,0.943396,0.471963,1.0,0.217114,0.232824,0.045555,0.122222,0.197531,0.249191,0.264573,0.0,0.294118,-0.265148,-0.270588,0.055862,-0.34902,-0.305882,-0.227451,-0.164706,-0.45098,-0.054902,-0.584322,-0.552795,0.11121,-0.805556,-0.646154,-0.502645,-0.452916,-1.113207,-0.356557,14200.520784,2.557692,549674.467092,2.034884,2.265823,3.37037,6.571426,1.660194,32549020.0,57.19544,0.733333,9147.80332,0.333333,0.631579,0.818182,0.95,0.0,2352941.25,0.768138,0.680248,0.224206,0.329594,1.0,usable,normal,,"paired leaf brightness is mostly below the dark reference, so subtracting this dark frame would create non-physical negative reflectance",373.606751,multiband_ridge,73.039606
in cutie\Set frunze 2\nesanatoasa,leaf_sample,unhealthy,725.jpg,in cutie\Set frunze 2\nesanatoasa\camera\725.jpg,725,725,1920,1080,342294,filtered_camera_foreground,124962,0.060263,in cutie\Set frunze 2\nesanatoasa\spectru\725.txt,518.29,0.554807,0.576471,0.501995,0.52549,0.728843,0.646258,-1.848595,588,383,579,330,901.14,536.45,0.404367,0.372549,0.184361,0.156863,0.235294,0.584314,0.682353,0.078431,0.807843,0.243718,0.207843,0.141468,0.070588,0.113725,0.384314,0.470588,0.007843,0.592157,0.207574,0.176471,0.123469,0.05098,0.098039,0.321569,0.411765,0.0,0.54902,103.113539,95.0,47.012039,40.0,60.0,149.0,174.0,20.0,206.0,62.148093,53.0,36.074236,18.0,29.0,98.0,120.0,2.0,151.0,52.931283,45.0,31.484471,13.0,25.0,82.0,105.0,0.0,140.0,0.404367,0.372549,0.184361,0.156863,0.235294,0.584314,0.682353,0.078431,0.807843,103.113539,95.0,47.012039,40.0,60.0,149.0,174.0,20.0,206.0,0.275262,0.23974,0.14882,0.087813,0.138722,0.422016,0.511075,0.02285,0.631248,0.525508,0.509804,0.108449,0.376812,0.441558,0.596491,0.722222,0.212766,1.0,0.274642,0.280992,0.027701,0.222222,0.257143,0.296407,0.308204,0.071429,0.416667,-0.124504,-0.12549,0.042609,-0.192157,-0.152941,-0.094118,-0.05098,-0.301961,0.058824,-0.404191,-0.385246,0.107744,-0.6,-0.474576,-0.316092,-0.269036,-1.4,-0.140351,1.831054,1.733333,0.383691,1.427273,1.533333,2.034483,2.541667,1.27027,12.999983,0.852394,0.851351,0.158366,0.6,0.777778,0.922078,1.111111,0.0,2.666666,0.654237,0.618074,0.24088,0.389727,1.0,usable,normal,,dark/white denominator is not positive enough for this filter (camera auto-exposure or missing per-filter dark frame),530.644,single_band_training_mean,30.82571
in cutie\Set frunze 2\nesanatoasa,leaf_sample,unhealthy,850.jpg,in cutie\Set frunze 2\nesanatoasa\camera\850.jpg,850,850,1920,1080,358968,filtered_camera_foreground,124962,0.060263,in cutie\Set frunze 2\nesanatoasa\spectru\850.txt,452.29,0.483964,0.501961,0.501995,0.52549,1.234164,1.21875,-5.28512,588,383,579,330,901.14,536.45,0.567943,0.580392,0.119199,0.356863,0.478431,0.666667,0.737255,0.235294,0.862745,0.571469,0.584314,0.119131,0.356863,0.482353,0.670588,0.741176,0.227451,0.882353,0.596776,0.611765,0.11946,0.380392,0.505882,0.694118,0.764706,0.231373,0.898039,144.825483,148.0,30.395724,91.0,122.0,170.0,188.0,60.0,220.0,145.724556,149.0,30.378289,91.0,123.0,171.0,189.0,58.0,225.0,152.177822,156.0,30.462393,97.0,129.0,177.0,195.0,59.0,229.0,0.597291,0.611765,0.119082,0.384314,0.505882,0.694118,0.764706,0.243137,0.898039,152.309078,156.0,30.366014,98.0,129.0,177.0,195.0,62.0,229.0,0.572546,0.586846,0.11895,0.358813,0.482935,0.670887,0.740657,0.231069,0.879317,0.059135,0.053254,0.030119,0.019481,0.038251,0.074257,0.116071,0.0,0.256881,0.328942,0.329091,0.005426,0.32,0.326047,0.332039,0.337408,0.289474,0.3625,-0.021781,-0.023529,0.024097,-0.058824,-0.039216,-0.007843,0.019608,-0.137255,0.086275,0.007135,0.0,0.034192,-0.042735,-0.011494,0.025478,0.065359,-0.220779,0.28125,0.994009,1.0,0.031502,0.941176,0.976191,1.01105,1.041667,0.781609,1.217949,1.046871,1.042781,0.03106,1.005882,1.028037,1.062016,1.102941,0.863636,1.287671,0.596867,1.00071,1.00071,1.0,1.0,usable,normal,,dark/white denominator is not positive enough for this filter (camera auto-exposure or missing per-filter dark frame),447.6,single_band_training_mean,15.444441
in cutie\Set frunze 2\nesanatoasa,leaf_sample,unhealthy,940.jpg,in cutie\Set frunze 2\nesanatoasa\camera\940.jpg,940,940,1920,1080,273362,filtered_camera_foreground,124962,0.060263,in cutie\Set frunze 2\nesanatoasa\spectru\940 2 nes.txt,486.255,0.513442,0.494118,0.501995,0.52549,0.663173,0.730158,-14.107976,588,383,579,330,901.14,536.45,0.322761,0.345098,0.121151,0.101961,0.243137,0.411765,0.490196,0.023529,0.639216,0.322493,0.341176,0.11982,0.101961,0.243137,0.411765,0.490196,0.027451,0.647059,0.336056,0.360784,0.124485,0.105882,0.254902,0.427451,0.505882,0.015686,0.65098,82.303956,88.0,30.893622,26.0,62.0,105.0,125.0,6.0,163.0,82.23564,87.0,30.554126,26.0,62.0,105.0,125.0,7.0,165.0,85.694299,92.0,31.743776,27.0,65.0,109.0,129.0,4.0,166.0,0.340501,0.360784,0.122292,0.113725,0.262745,0.431373,0.505882,0.043137,0.65098,86.827628,92.0,31.184438,29.0,67.0,110.0,129.0,11.0,166.0,0.323529,0.343199,0.120145,0.103932,0.245078,0.413504,0.488807,0.031069,0.639216,0.090435,0.072917,0.067607,0.018868,0.048,0.112676,0.224138,0.0,0.736842,0.329201,0.328467,0.014794,0.30888,0.322222,0.334862,0.352,0.233333,0.527778,-0.013831,-0.011765,0.028898,-0.058824,-0.031373,0.003922,0.035294,-0.141176,0.129412,21.972343,0.0,7765.459003,-0.115385,-0.037037,0.0375,0.153846,-2.000005,2745098.0,1.00079,1.0,0.082559,0.870968,0.965217,1.036145,1.12,0.375,1.818181,1.042761,1.044248,0.081316,0.923077,1.009259,1.079208,1.164698,0.263158,1.928571,0.667304,0.510264,2.40602,4.715249,0.212078,weak_source_amplifies_noise,low_confidence_excluded,,dark/white denominator is not positive enough for this filter (camera auto-exposure or missing per-filter dark frame),,excluded_low_confidence_spectrometer_target,
in cutie\Set frunze 2\nesanatoasa,leaf_sample,unhealthy,fara.jpg,in cutie\Set frunze 2\nesanatoasa\camera\fara.jpg,fara,,1920,1080,257935,filtered_camera_foreground,124962,0.060263,in cutie\Set frunze 2\nesanatoasa\spectru\fara filtru 2 nes.txt,,,,0.501995,0.52549,,,,588,383,579,330,901.14,536.45,0.436509,0.529412,0.128099,0.196078,0.317647,0.529412,0.533333,0.062745,0.615686,0.418398,0.552941,0.171702,0.121569,0.239216,0.552941,0.552941,0.0,0.580392,0.411898,0.545098,0.171094,0.117647,0.231373,0.545098,0.545098,0.0,0.588235,111.30987,135.0,32.665218,50.0,81.0,135.0,136.0,16.0,157.0,106.691522,141.0,43.783979,31.0,61.0,141.0,141.0,0.0,148.0,105.034058,139.0,43.629032,30.0,59.0,139.0,139.0,0.0,150.0,0.449669,0.552941,0.137805,0.196078,0.317647,0.552941,0.552941,0.062745,0.615686,114.665586,141.0,35.140245,50.0,81.0,141.0,141.0,16.0,157.0,0.421779,0.547373,0.16212,0.136324,0.255005,0.547373,0.547373,0.014173,0.580125,0.150952,0.042553,0.149198,0.042553,0.042553,0.271429,0.423729,0.0,1.0,0.321751,0.339759,0.025807,0.277375,0.304878,0.339759,0.339759,0.0,0.347087,-0.011611,0.031373,0.051368,-0.094118,-0.062745,0.031373,0.031373,-0.156863,0.066667,-0.088244,0.043796,0.170413,-0.377049,-0.234568,0.043796,0.043796,-2.749997,0.088889,1353.718275,0.957447,104841.521753,0.957447,0.957447,1.31746,1.612903,0.916084,9803922.0,151.616853,0.985816,17609.824359,0.884615,0.985816,0.985816,1.052632,0.0,3137255.0,,,,,,,,,,,,
in cutie\Set frunze 2\sanatoasa,leaf_sample,healthy,532.jpg,in cutie\Set frunze 2\sanatoasa\camera\532.jpg,532,532,1920,1080,361824,filtered_camera_foreground,113580,0.054774,in cutie\Set frunze 2\sanatoasa\spectru\532.txt,346.11,0.589234,0.552941,0.501995,0.52549,0.553882,0.553191,-2.013194,385,361,681,370,784.0,542.09,0.197295,0.192157,0.023156,0.168627,0.184314,0.207843,0.239216,0.105882,0.435294,0.326366,0.305882,0.064313,0.266667,0.286275,0.345098,0.45098,0.207843,0.827451,0.200629,0.196078,0.026395,0.164706,0.184314,0.211765,0.247059,0.109804,0.482353,50.310116,49.0,5.904872,43.0,47.0,53.0,61.0,27.0,111.0,83.223296,78.0,16.399835,68.0,73.0,88.0,115.0,53.0,211.0,51.160477,50.0,6.730783,42.0,47.0,54.0,63.0,28.0,123.0,0.326366,0.305882,0.064313,0.266667,0.286275,0.345098,0.45098,0.207843,0.827451,83.223296,78.0,16.399835,68.0,73.0,88.0,115.0,53.0,211.0,0.289847,0.273514,0.051387,0.241534,0.258904,0.304014,0.390448,0.188315,0.719162,0.401676,0.391892,0.06165,0.318841,0.36,0.434211,0.522936,0.215385,0.75,0.448362,0.442953,0.025745,0.416216,0.431034,0.460094,0.5,0.375635,0.658537,0.254808,0.223529,0.094093,0.168627,0.2,0.278431,0.443137,0.098039,0.8,0.391736,0.379747,0.077097,0.289855,0.337662,0.434783,0.540541,0.113636,0.772358,0.614109,0.625,0.065942,0.483516,0.578313,0.661972,0.7,0.25,0.863014,0.623171,0.626667,0.065225,0.505263,0.585859,0.666667,0.72,0.258333,0.918919,0.777582,0.419719,0.17703,0.421782,1.0,usable,normal,,"paired leaf brightness is mostly below the dark reference, so subtracting this dark frame would create non-physical negative reflectance",368.365002,multiband_ridge,29.840095
in cutie\Set frunze 2\sanatoasa,leaf_sample,healthy,556.jpg,in cutie\Set frunze 2\sanatoasa\camera\556.jpg,556,556,1920,1080,339535,filtered_camera_foreground,113580,0.054774,in cutie\Set frunze 2\sanatoasa\spectru\556.txt,376.51,0.513803,0.517647,0.501995,0.52549,0.638163,0.598485,-14.744665,385,361,681,370,784.0,542.09,0.185213,0.184314,0.02003,0.156863,0.172549,0.196078,0.219608,0.098039,0.34902,0.32789,0.309804,0.05841,0.27451,0.294118,0.341176,0.43549,0.223529,0.756863,0.198205,0.196078,0.024549,0.164706,0.180392,0.211765,0.243137,0.121569,0.411765,47.229204,47.0,5.107773,40.0,44.0,50.0,56.0,25.0,89.0,83.611824,79.0,14.894453,70.0,75.0,87.0,111.05,57.0,193.0,50.542305,50.0,6.259959,42.0,46.0,54.0,62.0,31.0,105.0,0.32789,0.309804,0.05841,0.27451,0.294118,0.341176,0.43549,0.223529,0.756863,83.611824,79.0,14.894453,70.0,75.0,87.0,111.05,57.0,193.0,0.288193,0.27459,0.046086,0.245476,0.260875,0.298731,0.373627,0.196457,0.643572,0.43355,0.426471,0.060662,0.347222,0.392405,0.465753,0.550459,0.171053,0.795082,0.459188,0.455056,0.025522,0.426036,0.441989,0.47093,0.509524,0.370732,0.654054,0.272361,0.247059,0.08922,0.188235,0.219608,0.294118,0.447059,0.090196,0.807843,0.446887,0.44,0.079587,0.329268,0.392405,0.492754,0.594595,0.159091,0.941176,0.572868,0.578947,0.063907,0.45098,0.539326,0.615385,0.6625,0.204918,0.828947,0.611304,0.613333,0.062288,0.5,0.576087,0.653333,0.705128,0.300813,0.871429,0.413677,0.792623,0.279552,0.352692,1.0,usable,normal,,dark/white denominator is not positive enough for this filter (camera auto-exposure or missing per-filter dark frame),393.054549,multiband_ridge,30.926715
in cutie\Set frunze 2\sanatoasa,leaf_sample,healthy,680.jpg,in cutie\Set frunze 2\sanatoasa\camera\680.jpg,680,680,1920,1080,317139,filtered_camera_foreground,113580,0.054774,in cutie\Set frunze 2\sanatoasa\spectru\680.txt,332.24,0.603466,0.603922,0.501995,0.52549,0.328315,0.25974,-2.994629,385,361,681,370,784.0,542.09,0.198127,0.156863,0.122785,0.082353,0.113725,0.243137,0.458824,0.015686,0.956863,0.066776,0.05098,0.053815,0.019608,0.035294,0.078431,0.176471,0.0,0.529412,0.034717,0.023529,0.039495,0.0,0.007843,0.043137,0.117647,0.0,0.427451,50.522293,40.0,31.310232,21.0,29.0,62.0,117.0,4.0,244.0,17.027857,13.0,13.72283,5.0,9.0,20.0,45.0,0.0,135.0,8.852765,6.0,10.071178,0.0,2.0,11.0,30.0,0.0,109.0,0.198127,0.156863,0.122785,0.082353,0.113725,0.243137,0.458824,0.015686,0.956863,50.522337,40.0,31.310169,21.0,29.0,62.0,117.0,4.0,244.0,0.092386,0.069271,0.066259,0.034615,0.050816,0.109021,0.231382,0.007504,0.611511,0.851108,0.852941,0.10188,0.678571,0.78125,0.931034,1.0,0.352941,1.0,0.217438,0.220339,0.047872,0.138462,0.191176,0.247059,0.289474,0.0,0.6,-0.099292,-0.082353,0.0634,-0.227451,-0.137255,-0.05098,-0.019608,-0.364706,0.039216,-0.580125,-0.575758,0.114188,-0.769231,-0.645833,-0.507936,-0.405524,-1.666666,0.2,29206.299211,3.076922,527108.11596,2.076923,2.583333,3.749999,5.833331,0.666666,22745098.0,255.950476,0.461538,17873.943468,0.0,0.222222,0.642857,0.909091,0.0,2352941.25,0.768138,0.257932,0.085013,0.329594,1.0,usable,normal,,"paired leaf brightness is mostly below the dark reference, so subtracting this dark frame would create non-physical negative reflectance",332.238518,multiband_ridge,73.039606
in cutie\Set frunze 2\sanatoasa,leaf_sample,healthy,725.jpg,in cutie\Set frunze 2\sanatoasa\camera\725.jpg,725,725,1920,1080,388908,filtered_camera_foreground,113580,0.054774,in cutie\Set frunze 2\sanatoasa\spectru\725.txt,493.4,0.554807,0.576471,0.501995,0.52549,1.224629,1.170068,3.359805,385,361,681,370,784.0,542.09,0.679433,0.67451,0.068237,0.592157,0.643137,0.709804,0.796078,0.266667,1.0,0.470619,0.462745,0.064392,0.388235,0.431373,0.498039,0.584314,0.113725,0.847059,0.343127,0.337255,0.061588,0.258824,0.305882,0.376471,0.45098,0.019608,0.682353,173.255494,172.0,17.400394,151.0,164.0,181.0,203.0,68.0,255.0,120.007774,118.0,16.419988,99.0,110.0,127.0,149.0,29.0,216.0,87.4975,86.0,15.704988,66.0,78.0,96.0,115.0,5.0,174.0,0.679433,0.67451,0.068237,0.592157,0.643137,0.709804,0.796078,0.266667,1.0,173.255494,172.0,17.400394,151.0,164.0,181.0,203.0,68.0,255.0,0.505808,0.498434,0.064254,0.425034,0.469037,0.534257,0.617486,0.144731,0.867116,0.498015,0.497175,0.050749,0.415254,0.464052,0.53125,0.578313,0.298013,0.933333,0.314867,0.315364,0.008152,0.30086,0.309711,0.320548,0.327103,0.25,0.349206,-0.081323,-0.078431,0.033503,-0.137255,-0.105882,-0.058824,-0.031373,-0.25098,0.070588,-0.260711,-0.259615,0.029899,-0.31016,-0.279412,-0.240741,-0.213636,-0.5,-0.130435,1.451708,1.448276,0.072624,1.341317,1.40458,1.495238,1.567308,1.180556,2.551724,0.726399,0.728,0.058589,0.631579,0.688679,0.765766,0.818792,0.128205,1.013699,0.654237,1.038512,0.404736,0.389727,1.0,usable,normal,,dark/white denominator is not positive enough for this filter (camera auto-exposure or missing per-filter dark frame),530.644,single_band_training_mean,30.82571
in cutie\Set frunze 2\sanatoasa,leaf_sample,healthy,850.jpg,in cutie\Set frunze 2\sanatoasa\camera\850.jpg,850,850,1920,1080,401746,filtered_camera_foreground,113580,0.054774,in cutie\Set frunze 2\sanatoasa\spectru\850.txt,440.0,0.483964,0.501961,0.501995,0.52549,1.859188,1.789061,-22.061172,385,361,681,370,784.0,542.09,0.820852,0.811765,0.07512,0.733333,0.780392,0.858824,0.956863,0.152941,1.0,0.831642,0.823529,0.074397,0.745098,0.792157,0.870588,0.964706,0.168627,1.0,0.899761,0.898039,0.068382,0.811765,0.862745,0.941176,1.0,0.211765,1.0,209.317248,207.0,19.155608,187.0,199.0,219.0,244.0,39.0,255.0,212.068674,210.0,18.971279,190.0,202.0,222.0,246.0,43.0,255.0,229.438995,229.0,17.437404,207.0,220.0,240.0,255.0,54.0,255.0,0.89978,0.898039,0.068408,0.811765,0.862745,0.941176,1.0,0.211765,1.0,229.44396,229.0,17.443989,207.0,220.0,240.0,255.0,54.0,255.0,0.834266,0.826408,0.073755,0.746844,0.793599,0.871496,0.96589,0.168407,1.0,0.09076,0.093878,0.024725,0.043137,0.081081,0.104603,0.121951,0.0,0.391892,0.325726,0.325581,0.003472,0.320475,0.323484,0.327744,0.332278,0.294416,0.345382,-0.057329,-0.058824,0.025391,-0.094118,-0.07451,-0.043137,-0.007843,-0.14902,0.047059,0.014785,0.014581,0.020094,-0.016129,0.004739,0.028571,0.044944,-0.090164,0.448276,0.986946,0.986726,0.017615,0.960524,0.974779,0.995671,1.014778,0.757576,1.085938,1.083468,1.087156,0.02544,1.032389,1.073395,1.098039,1.115385,0.967742,1.362069,0.596867,1.507505,1.507505,1.0,1.0,usable,normal,,dark/white denominator is not positive enough for this filter (camera auto-exposure or missing per-filter dark frame),447.6,single_band_training_mean,15.444441
in cutie\Set frunze 2\sanatoasa,leaf_sample,healthy,940.jpg,in cutie\Set frunze 2\sanatoasa\camera\940.jpg,940,940,1920,1080,366654,filtered_camera_foreground,113580,0.054774,in cutie\Set frunze 2\sanatoasa\spectru\940 2 verde.txt,531.975,0.513442,0.494118,0.501995,0.52549,0.990414,1.079364,0.570018,385,361,681,370,784.0,542.09,0.469729,0.494118,0.137452,0.105882,0.45098,0.537255,0.631373,0.011765,0.847059,0.478016,0.501961,0.137365,0.109804,0.462745,0.545098,0.643137,0.027451,0.854902,0.507763,0.533333,0.143677,0.117647,0.494118,0.576471,0.67451,0.015686,0.901961,119.78078,126.0,35.050323,27.0,115.0,137.0,161.0,3.0,216.0,121.894048,128.0,35.028025,28.0,118.0,139.0,164.0,7.0,218.0,129.479556,136.0,36.637744,30.0,126.0,147.0,172.0,4.0,230.0,0.50852,0.533333,0.142082,0.12549,0.494118,0.576471,0.67451,0.027451,0.901961,129.672662,136.0,36.230959,32.0,126.0,147.0,172.0,7.0,230.0,0.478402,0.501442,0.137604,0.109505,0.463115,0.54426,0.642351,0.023833,0.856632,0.09408,0.081967,0.06329,0.034884,0.058333,0.108527,0.206897,0.0,0.85,0.32874,0.328244,0.011733,0.316701,0.324324,0.332468,0.340796,0.2,0.567568,-0.02146,-0.023529,0.027096,-0.062745,-0.039216,-0.003922,0.023529,-0.133333,0.156863,20.743542,0.018182,4936.752627,-0.048,-0.008403,0.043956,0.117647,-10.000045,1176470.75,0.979957,0.98374,0.065147,0.901408,0.959732,1.007874,1.045455,0.214286,2.11111,1.065634,1.061798,0.067647,1.0,1.039474,1.087302,1.140625,0.266667,2.222222,0.667304,0.762051,3.593262,4.715249,0.212078,weak_source_amplifies_noise,low_confidence_excluded,,dark/white denominator is not positive enough for this filter (camera auto-exposure or missing per-filter dark frame),,excluded_low_confidence_spectrometer_target,
in cutie\Set frunze 2\sanatoasa,leaf_sample,healthy,fara.jpg,in cutie\Set frunze 2\sanatoasa\camera\fara.jpg,fara,,1920,1080,175087,filtered_camera_foreground,113580,0.054774,in cutie\Set frunze 2\sanatoasa\spectru\fara filtru 2 verde.txt,,,,0.501995,0.52549,,,,385,361,681,370,784.0,542.09,0.615306,0.623529,0.052408,0.54902,0.623529,0.631373,0.639216,0.027451,0.705882,0.610047,0.631373,0.067883,0.494118,0.603922,0.647059,0.647059,0.0,0.662745,0.623801,0.639216,0.060628,0.529412,0.635294,0.643137,0.65098,0.0,0.698039,156.902914,159.0,13.363969,140.0,159.0,161.0,163.0,7.0,180.0,155.561921,161.0,17.310161,126.0,154.0,165.0,165.0,0.0,169.0,159.069299,163.0,15.460073,135.0,162.0,164.0,166.0,0.0,178.0,0.628795,0.643137,0.055592,0.54902,0.635294,0.647059,0.65098,0.027451,0.705882,160.342816,164.0,14.175949,140.0,162.0,165.0,166.0,7.0,180.0,0.612158,0.633622,0.063255,0.50665,0.611755,0.64149,0.64149,0.005836,0.667228,0.046145,0.036364,0.039124,0.012195,0.03012,0.054217,0.10828,0.0,1.0,0.329185,0.331959,0.011146,0.311828,0.322917,0.338809,0.338809,0.0,0.345041,-0.019013,-0.007843,0.047924,-0.105882,-0.054902,0.031373,0.031373,-0.141176,0.066667,-27.635124,0.0,9308.869449,-0.116438,-0.039735,0.037267,0.037267,-3137254.75,0.06875,798.587287,1.0,62016.679352,0.963636,0.963636,1.03871,1.120301,0.934132,7450980.5,135.680256,1.012422,12692.803944,0.987879,0.987879,1.046053,1.09589,0.0,1568627.5,,,,,,,,,,,,
